data_id;temp_1;temp_2;temp_3;pres_1;pres_2;motor_pos;system_status;sensor_time;reserved
0;190;190;257;7;5;0;19222;3;1;0;1829
1;190;190;257;10;7;0;19273;3;1;0;1768
2;190;190;257;0;-1;0;19276;3;1;0;1768
3;191;190;257;8;-4;0;19279;3;1;0;1768
4;190;189;257;-5;-1;0;19283;3;1;0;1768
5;191;190;257;1;-6;0;19285;3;1;0;1768
6;191;190;257;-1;-2;0;19288;3;1;0;1768
7;190;190;257;1;0;0;19292;3;1;0;1768
8;190;189;257;7;-4;0;19295;3;1;0;1768
9;191;190;257;8;4;0;19298;3;1;0;1768
10;192;190;257;-1;-6;0;19301;3;1;0;1768
11;192;190;257;2;-3;0;19304;3;1;0;1768
12;190;190;257;4;0;0;19307;3;1;0;1768
13;191;190;257;6;2;0;19311;3;1;0;1768
14;191;190;257;-5;12;0;19314;3;1;0;1768
15;191;189;257;4;4;0;19317;3;1;0;1768
16;191;190;257;2;-2;0;19320;3;1;0;1768
17;190;189;257;3;-6;0;19323;3;1;0;1768
18;191;190;257;0;4;0;19327;3;1;0;1768
19;191;190;257;-8;4;0;19330;3;1;0;1768
20;191;190;257;1;0;0;19334;3;1;0;1707
21;190;189;257;-6;-3;0;19337;3;1;0;1707
22;190;189;257;-2;3;0;19340;3;1;0;1707
23;191;190;257;3;0;0;19344;3;1;0;1707
24;191;190;257;1;3;0;19346;3;1;0;1707
25;190;189;257;5;4;0;19349;3;1;0;1707
26;191;190;257;4;4;0;19352;3;1;0;1707
27;190;189;257;-1;-4;0;19355;3;1;0;1707
28;191;190;257;-3;0;0;19359;3;1;0;1707
29;191;190;257;-2;3;0;19362;3;1;0;1707
30;190;190;257;-2;4;0;19365;3;1;0;1707
31;191;190;257;4;5;0;19368;3;1;0;1707
32;190;190;257;1;7;0;19371;3;1;0;1707
33;191;190;257;-4;0;0;19375;3;1;0;1707
34;192;190;257;-4;1;0;19378;3;1;0;1707
35;191;190;257;4;0;0;19381;3;1;0;1707
36;191;190;257;17;1;0;19384;3;1;0;1707
37;190;191;257;2;-1;0;19387;3;1;0;1707
38;190;190;257;6;0;0;19391;3;1;0;1707
39;191;190;257;0;0;0;19394;3;1;0;1646
40;190;189;257;-3;5;0;19398;3;1;0;1646
41;191;191;257;4;-5;0;19401;3;1;0;1646
42;192;190;257;5;5;0;19405;3;1;0;1646
43;191;190;257;1;-4;0;19407;3;1;0;1646
44;190;190;257;3;4;0;19410;3;1;0;1646
45;191;190;257;-7;9;0;19413;3;1;0;1646
46;192;190;257;-7;6;0;19416;3;1;0;1646
47;190;190;257;10;7;0;19419;3;1;0;1646
48;191;190;257;5;2;0;19423;3;1;0;1646
49;191;190;257;8;-11;0;19426;3;1;0;1646
50;191;190;257;0;-6;0;19429;3;1;0;1646
51;191;190;257;6;5;0;19432;3;1;0;1646
52;191;190;257;-4;-6;0;19435;3;1;0;1646
53;190;190;257;-7;1;0;19439;3;1;0;1646
54;191;190;257;5;1;0;19442;3;1;0;1646
55;190;190;257;0;-5;0;19445;3;1;0;1646
56;192;190;257;-2;3;0;19448;3;1;0;1646
57;191;190;257;2;-8;0;19451;3;1;0;1646
58;190;190;257;-1;-1;0;19455;3;1;0;1585
59;191;189;257;2;5;0;19459;3;1;0;1585
60;191;190;257;-2;-3;0;19462;3;1;0;1585
61;190;189;257;-5;5;0;19465;3;1;0;1585
62;190;190;257;0;-2;0;19467;3;1;0;1585
63;191;189;257;2;5;0;19471;3;1;0;1585
64;191;189;257;-9;4;0;19474;3;1;0;1585
65;191;190;257;1;1;0;19477;3;1;0;1585
66;191;190;257;0;-3;0;19480;3;1;0;1585
67;191;189;257;9;7;0;19483;3;1;0;1585
68;190;190;257;0;-4;0;19487;3;1;0;1585
69;191;190;257;-9;-12;0;19490;3;1;0;1585
70;192;190;257;5;13;0;19493;3;1;0;1585
71;191;189;257;-3;-5;0;19496;3;1;0;1585
72;191;190;257;4;-4;0;19499;3;1;0;1585
73;191;189;257;0;-1;0;19503;3;1;0;1585
74;191;189;257;0;-4;0;19506;3;1;0;1585
75;191;190;257;2;6;0;19509;3;1;0;1585
76;190;189;257;-3;-9;0;19512;3;1;0;1585
77;190;190;257;11;-3;0;19515;3;1;0;1524
78;191;190;257;0;-4;0;19519;3;1;0;1524
79;191;190;257;10;0;0;19523;3;1;0;1524
80;191;190;257;6;8;0;19526;3;1;0;1524
81;192;190;257;9;-5;0;19528;3;1;0;1524
82;191;190;257;1;-1;0;19531;3;1;0;1524
83;191;189;257;1;2;0;19535;3;1;0;1524
84;191;189;257;6;5;0;19538;3;1;0;1524
85;191;190;257;-4;0;0;19541;3;1;0;1524
86;191;190;257;10;-4;0;19544;3;1;0;1524
87;191;190;257;4;15;0;19548;3;1;0;1524
88;191;190;257;0;-1;0;19551;3;1;0;1524
89;192;190;257;6;-2;0;19554;3;1;0;1524
90;190;190;257;-7;-14;0;19557;3;1;0;1524
91;191;189;257;1;-2;0;19560;3;1;0;1524
92;191;190;257;4;9;0;19564;3;1;0;1524
93;191;189;257;4;3;0;19567;3;1;0;1524
94;190;190;257;6;3;0;19570;3;1;0;1524
95;191;191;257;-7;2;0;19573;3;1;0;1524
96;191;190;257;-1;3;0;19576;3;1;0;1463
97;191;190;257;-1;-12;0;19580;3;1;0;1463
98;191;190;257;8;-9;0;19584;3;1;0;1463
99;191;190;257;6;11;0;19587;3;1;0;1463
100;191;190;257;0;-3;0;19589;3;1;0;1463
101;190;191;257;0;-11;0;19592;3;1;0;1463
102;191;190;257;-6;-2;0;19596;3;1;0;1463
103;190;190;257;1;1;0;19599;3;1;0;1463
104;190;189;257;6;-2;0;19602;3;1;0;1463
105;190;191;257;8;0;0;19605;3;1;0;1463
106;190;191;257;4;-8;0;19608;3;1;0;1463
107;191;190;257;3;9;0;19612;3;1;0;1463
108;191;190;257;1;4;0;19615;3;1;0;1463
109;191;189;257;-8;6;0;19618;3;1;0;1463
110;191;189;257;1;-5;0;19621;3;1;0;1463
111;190;190;257;3;-8;0;19624;3;1;0;1463
112;191;190;257;3;10;0;19628;3;1;0;1463
113;191;191;257;0;-1;0;19631;3;1;0;1463
114;190;190;257;-9;-5;0;19634;3;1;0;1463
115;191;190;257;-3;-3;0;19637;3;1;0;1402
116;190;189;257;-3;-3;0;19640;3;1;0;1402
117;191;190;257;6;-3;0;19644;3;1;0;1402
118;191;190;257;-5;-8;0;19648;3;1;0;1402
119;191;190;257;0;14;0;19650;3;1;0;1402
120;190;191;257;-1;0;0;19653;3;1;0;1402
121;191;189;257;-4;6;0;19656;3;1;0;1402
122;191;190;257;1;-12;0;19660;3;1;0;1402
123;190;190;257;2;-8;0;19663;3;1;0;1402
124;191;190;257;1;-7;0;19666;3;1;0;1402
125;190;191;257;5;-2;0;19669;3;1;0;1402
126;190;190;257;8;-3;0;19672;3;1;0;1402
127;190;190;257;8;3;0;19676;3;1;0;1402
128;191;190;257;-1;11;0;19679;3;1;0;1402
129;191;191;257;15;9;0;19730;3;1;0;1341
130;190;190;257;14;-8;0;19733;3;1;0;1341
131;191;190;257;-1;4;0;19736;3;1;0;1341
132;190;190;257;2;-2;0;19740;3;1;0;1341
133;190;189;257;-4;2;0;19743;3;1;0;1341
134;191;190;257;-1;-8;0;19746;3;1;0;1341
135;191;190;257;9;-5;0;19750;3;1;0;1341
136;190;189;257;-2;-8;0;19752;3;1;0;1341
137;191;190;257;-7;-6;0;19756;3;1;0;1341
138;190;190;257;-4;-7;0;19759;3;1;0;1280
139;191;189;257;-3;0;0;19762;3;1;0;1280
140;191;190;257;-9;-2;0;19765;3;1;0;1280
141;191;190;257;0;10;0;19769;3;1;0;1280
142;190;190;257;13;6;0;19772;3;1;0;1280
143;190;191;257;-16;-4;0;19775;3;1;0;1280
144;191;190;257;-3;9;0;19778;3;1;0;1280
145;192;190;257;0;-6;0;19781;3;1;0;1280
146;190;190;257;1;-10;0;19784;3;1;0;1280
147;191;189;257;-2;2;0;19788;3;1;0;1280
148;191;190;257;-2;4;0;19791;3;1;0;1280
149;191;190;257;11;3;0;19794;3;1;0;1280
150;191;190;257;-6;-6;0;19797;3;1;0;1280
151;191;190;257;8;8;0;19801;3;1;0;1280
152;191;190;257;-4;-5;0;19804;3;1;0;1280
153;190;190;257;1;-5;0;19807;3;1;0;1280
154;191;190;257;2;1;0;19811;3;1;0;1280
155;190;190;257;2;-12;0;19813;3;1;0;1280
156;190;190;257;7;4;0;19816;3;1;0;1280
157;191;190;257;3;3;0;19820;3;1;0;1219
158;191;189;257;0;7;0;19823;3;1;0;1219
159;191;190;257;12;5;0;19826;3;1;0;1219
160;192;190;257;-10;-4;0;19830;3;1;0;1219
161;190;190;257;4;1;0;19832;3;1;0;1219
162;191;190;257;4;-6;0;19836;3;1;0;1219
163;191;190;257;-3;-2;0;19839;3;1;0;1219
164;190;190;257;-6;-11;0;19842;3;1;0;1219
165;190;190;257;-1;-6;0;19845;3;1;0;1219
166;191;190;257;3;1;0;19848;3;1;0;1219
167;191;190;257;9;0;0;19852;3;1;0;1219
168;191;190;257;7;-1;0;19855;3;1;0;1219
169;191;190;257;-6;-7;0;19858;3;1;0;1219
170;191;189;257;5;8;0;19861;3;1;0;1219
171;191;190;257;5;8;0;19864;3;1;0;1219
172;190;190;257;-4;1;0;19868;3;1;0;1219
173;191;190;257;3;-5;0;19871;3;1;0;1219
174;191;190;257;0;2;0;19874;3;1;0;1219
175;190;190;257;8;13;0;19877;3;1;0;1219
176;190;190;257;6;4;0;19880;3;1;0;1159
177;191;190;257;-6;0;0;19885;3;1;0;1159
178;191;190;257;1;5;0;19888;3;1;0;1159
179;191;190;257;-8;6;0;19891;3;1;0;1159
180;191;189;257;6;-3;0;19893;3;1;0;1159
181;191;189;257;-1;0;0;19896;3;1;0;1159
182;191;190;257;0;-2;0;19900;3;1;0;1159
183;190;190;257;7;13;0;19903;3;1;0;1159
184;192;190;257;0;3;0;19906;3;1;0;1159
185;190;191;257;6;-1;0;19909;3;1;0;1159
186;190;190;257;8;7;0;19912;3;1;0;1159
187;190;189;257;9;4;0;19916;3;1;0;1159
188;191;189;257;-2;2;0;19919;3;1;0;1159
189;191;189;257;0;3;0;19922;3;1;0;1159
190;191;190;257;1;0;0;19925;3;1;0;1159
191;190;190;257;4;-2;0;19928;3;1;0;1159
192;190;190;257;3;6;0;19932;3;1;0;1159
193;190;191;257;-3;-13;0;19935;3;1;0;1159
194;191;189;257;-11;-10;0;19938;3;1;0;1159
195;192;189;257;3;15;0;19941;3;1;0;1098
196;190;190;257;6;-2;0;19944;3;1;0;1098
197;192;191;257;-2;14;0;19949;3;1;0;1098
198;191;190;257;3;-7;0;19952;3;1;0;1098
199;190;190;257;7;-6;0;19954;3;1;0;1098
200;190;190;257;9;11;0;19957;3;1;0;1098
201;191;190;257;4;-12;0;19960;3;1;0;1098
202;191;189;257;-6;2;0;19964;3;1;0;1098
203;191;191;257;0;-4;0;19967;3;1;0;1098
204;190;190;257;-2;-12;0;19970;3;1;0;1098
205;191;189;257;-6;-4;0;19973;3;1;0;1098
206;191;190;257;7;4;0;19976;3;1;0;1098
207;191;190;257;0;10;0;19980;3;1;0;1098
208;191;189;257;1;2;0;19983;3;1;0;1098
209;191;190;257;1;-7;0;19986;3;1;0;1098
210;191;190;257;-3;-4;0;19989;3;1;0;1098
211;191;190;257;-3;5;0;19993;3;1;0;1098
212;190;190;257;1;-2;0;19996;3;1;0;1098
213;191;189;257;3;3;0;19999;3;1;0;1098
214;190;191;257;0;-4;0;20002;3;1;0;1037
215;191;190;257;-4;-1;0;20005;3;1;0;1037
216;191;190;257;1;-4;0;20009;3;1;0;1037
217;190;190;257;10;11;0;20013;3;1;0;1037
218;191;189;257;-6;0;0;20015;3;1;0;1037
219;190;189;257;2;6;0;20018;3;1;0;1037
220;191;190;257;-3;7;0;20021;3;1;0;1037
221;191;190;257;8;-3;0;20024;3;1;0;1037
222;190;191;257;0;3;0;20028;3;1;0;1037
223;192;189;257;0;-11;0;20031;3;1;0;1037
224;190;190;257;11;-5;0;20034;3;1;0;1037
225;190;189;257;-7;5;0;20037;3;1;0;1037
226;191;190;257;3;1;0;20040;3;1;0;1037
227;190;189;257;3;1;0;20044;3;1;0;1037
228;191;191;257;3;7;0;20047;3;1;0;1037
229;189;190;257;2;-1;0;20050;3;1;0;1037
230;191;190;257;9;3;0;20054;3;1;0;1037
231;191;189;257;-8;3;0;20056;3;1;0;1037
232;189;190;257;7;-5;0;20060;3;1;0;1037
233;191;190;257;4;-4;0;20063;3;1;0;976
234;190;190;257;2;-2;0;20066;3;1;0;976
235;190;190;257;-1;5;0;20069;3;1;0;976
236;190;190;257;3;10;0;20073;3;1;0;976
237;190;189;257;-3;0;0;20076;3;1;0;976
238;191;189;257;-4;-1;0;20079;3;1;0;976
239;191;190;257;-4;5;0;20082;3;1;0;976
240;192;190;257;-1;-5;0;20085;3;1;0;976
241;191;190;257;0;4;0;20088;3;1;0;976
242;191;190;257;-3;1;0;20092;3;1;0;976
243;191;189;257;1;1;0;20095;3;1;0;976
244;191;190;257;-2;6;0;20098;3;1;0;976
245;189;189;257;7;11;0;20101;3;1;0;976
246;191;190;257;-7;-5;0;20105;3;1;0;976
247;191;190;257;-3;-7;0;20108;3;1;0;976
248;190;190;257;-2;4;0;20111;3;1;0;976
249;191;190;257;10;-1;0;20115;3;1;0;976
250;190;189;257;13;3;0;20117;3;1;0;976
251;191;190;257;4;9;0;20120;3;1;0;976
252;191;190;257;3;-4;0;20124;3;1;0;915
253;191;190;257;1;-6;0;20127;3;1;0;915
254;191;190;257;-8;-5;0;20130;3;1;0;915
255;191;189;257;5;1;0;20134;3;1;0;915
256;191;190;257;1;7;0;20136;3;1;0;915
257;190;190;257;16;1;0;20188;3;1;0;854
258;190;190;257;6;6;0;20191;3;1;0;854
259;191;190;257;4;-4;0;20194;3;1;0;854
260;191;190;257;-5;-9;0;20197;3;1;0;854
261;191;190;257;3;-5;0;20200;3;1;0;854
262;191;189;257;2;6;0;20204;3;1;0;854
263;191;190;257;0;6;0;20207;3;1;0;854
264;191;190;257;6;-3;0;20210;3;1;0;854
265;192;190;257;1;-2;0;20213;3;1;0;854
266;190;190;257;-4;2;0;20217;3;1;0;854
267;191;190;257;5;-1;0;20220;3;1;0;854
268;192;190;257;-2;-5;0;20223;3;1;0;854
269;191;190;257;2;-1;0;20227;3;1;0;854
270;190;190;257;1;4;0;20229;3;1;0;854
271;191;189;257;-1;1;0;20232;3;1;0;854
272;192;189;257;5;3;0;20236;3;1;0;854
273;190;190;257;6;8;0;20239;3;1;0;854
274;191;190;257;-5;5;0;20242;3;1;0;854
275;190;190;257;1;-2;0;20245;3;1;0;793
276;190;189;257;-7;-2;0;20249;3;1;0;793
277;191;189;257;3;8;0;20252;3;1;0;793
278;190;189;257;-9;2;0;20255;3;1;0;793
279;190;189;257;-7;-5;0;20258;3;1;0;793
280;191;190;257;5;19;0;20261;3;1;0;793
281;190;190;257;-5;-8;0;20265;3;1;0;793
282;191;189;257;7;0;0;20268;3;1;0;793
283;191;190;257;3;-4;0;20271;3;1;0;793
284;190;190;257;0;-6;0;20274;3;1;0;793
285;191;190;257;-14;3;0;20278;3;1;0;793
286;191;189;257;6;12;0;20281;3;1;0;793
287;191;189;257;-4;3;0;20284;3;1;0;793
288;190;190;257;0;-5;0;20288;3;1;0;793
289;191;190;257;3;6;0;20290;3;1;0;793
290;191;190;257;-8;-3;0;20293;3;1;0;793
291;191;190;257;4;-1;0;20297;3;1;0;793
292;191;189;257;3;8;0;20300;3;1;0;793
293;191;190;257;4;-1;0;20303;3;1;0;793
294;190;190;257;2;2;0;20306;3;1;0;732
295;191;190;257;-5;-8;0;20310;3;1;0;732
296;191;191;257;-2;-3;0;20313;3;1;0;732
297;191;190;257;-4;7;0;20316;3;1;0;732
298;190;189;257;6;9;0;20319;3;1;0;732
299;191;191;257;0;-4;0;20322;3;1;0;732
300;190;190;257;3;-2;0;20325;3;1;0;732
301;191;191;257;-2;-5;0;20329;3;1;0;732
302;191;189;257;-1;-5;0;20332;3;1;0;732
303;191;190;257;-7;-8;0;20335;3;1;0;732
304;191;190;257;-6;6;0;20338;3;1;0;732
305;191;189;257;0;4;0;20341;3;1;0;732
306;191;190;257;-3;-12;0;20345;3;1;0;732
307;191;191;257;7;-7;0;20348;3;1;0;732
308;191;190;257;4;-2;0;20351;3;1;0;732
309;191;191;257;-9;5;0;20354;3;1;0;732
310;190;190;257;1;-5;0;20358;3;1;0;732
311;191;189;257;-4;0;0;20361;3;1;0;732
312;192;190;257;-3;1;0;20364;3;1;0;732
313;191;190;257;9;-5;0;20367;3;1;0;672
314;191;190;257;4;2;0;20371;3;1;0;672
315;191;190;257;2;-1;0;20373;3;1;0;672
316;192;190;257;-4;-6;0;20378;3;1;0;672
317;191;190;257;-1;-1;0;20380;3;1;0;672
318;189;191;257;3;-2;0;20383;3;1;0;672
319;191;190;257;-2;-1;0;20386;3;1;0;672
320;190;189;257;11;4;0;20389;3;1;0;672
321;191;191;257;-8;3;0;20393;3;1;0;672
322;191;189;257;0;-4;0;20396;3;1;0;672
323;190;191;257;4;12;0;20399;3;1;0;672
324;191;190;257;-10;-1;0;20402;3;1;0;672
325;191;190;257;0;12;0;20405;3;1;0;672
326;190;189;257;-12;11;0;20409;3;1;0;672
327;191;190;257;10;-1;0;20412;3;1;0;672
328;191;189;257;-1;0;0;20415;3;1;0;672
329;192;190;257;-1;2;0;20419;3;1;0;672
330;191;189;257;-1;2;0;20421;3;1;0;672
331;191;191;257;-4;1;0;20425;3;1;0;672
332;191;190;257;-6;-8;0;20428;3;1;0;611
333;190;190;257;-4;-9;0;20431;3;1;0;611
334;191;189;257;4;-1;0;20434;3;1;0;611
335;191;190;257;9;11;0;20438;3;1;0;611
336;191;191;257;9;-1;0;20441;3;1;0;611
337;191;189;257;-4;1;0;20444;3;1;0;611
338;191;190;257;-3;0;0;20447;3;1;0;611
339;190;190;257;-4;-5;0;20450;3;1;0;611
340;191;190;257;-3;14;0;20453;3;1;0;611
341;192;190;257;-1;-1;0;20457;3;1;0;611
342;191;189;257;-4;3;0;20460;3;1;0;611
343;191;190;257;-2;0;0;20463;3;1;0;611
344;191;189;257;-3;-2;0;20466;3;1;0;611
345;190;190;257;0;-5;0;20470;3;1;0;611
346;191;190;257;3;-8;0;20473;3;1;0;611
347;191;189;257;2;-6;0;20476;3;1;0;611
348;191;190;257;-5;-4;0;20480;3;1;0;611
349;190;190;257;3;-7;0;20482;3;1;0;611
350;191;189;257;2;-5;0;20485;3;1;0;611
351;190;190;257;4;-5;0;20489;3;1;0;550
352;191;190;257;8;-4;0;20492;3;1;0;550
353;191;189;257;9;5;0;20495;3;1;0;550
354;190;189;257;-3;-4;0;20498;3;1;0;550
355;190;190;257;4;1;0;20501;3;1;0;550
356;191;191;257;2;-10;0;20505;3;1;0;550
357;190;190;257;5;-8;0;20508;3;1;0;550
358;190;190;257;12;4;0;20511;3;1;0;550
359;190;191;257;17;5;0;20514;3;1;0;550
360;190;190;257;2;1;0;20517;3;1;0;550
361;191;190;257;6;2;0;20521;3;1;0;550
362;191;191;257;-4;-5;0;20524;3;1;0;550
363;191;189;257;2;-4;0;20527;3;1;0;550
364;190;190;257;0;1;0;20531;3;1;0;550
365;191;190;257;3;10;0;20533;3;1;0;550
366;190;190;257;-4;-11;0;20537;3;1;0;550
367;190;191;257;-5;1;0;20540;3;1;0;550
368;191;190;257;-5;0;0;20543;3;1;0;550
369;190;189;257;0;-3;0;20546;3;1;0;550
370;190;190;257;1;-1;0;20550;3;1;0;489
371;191;191;257;4;2;0;20553;3;1;0;489
372;191;190;257;5;2;0;20556;3;1;0;489
373;191;190;257;1;-3;0;20559;3;1;0;489
374;191;190;257;4;-3;0;20562;3;1;0;489
375;191;190;257;-4;-4;0;20565;3;1;0;489
376;191;189;257;-1;-5;0;20569;3;1;0;489
377;192;189;257;-6;4;0;20572;3;1;0;489
378;190;190;257;3;5;0;20575;3;1;0;489
379;191;190;257;19;1;0;20578;3;1;0;489
380;191;190;257;2;-8;0;20582;3;1;0;489
381;192;190;257;-7;-3;0;20585;3;1;0;489
382;190;190;257;-10;0;0;20588;3;1;0;489
383;190;190;257;2;0;0;20592;3;1;0;489
384;190;190;257;-2;2;0;20594;3;1;0;489
385;191;190;257;8;3;0;20645;3;1;0;428
386;190;190;257;-7;-2;0;20649;3;1;0;428
387;190;190;257;7;2;0;20652;3;1;0;428
388;193;190;257;-5;10;0;20655;3;1;0;428
389;191;190;257;1;-2;0;20658;3;1;0;428
390;190;191;257;-2;1;0;20662;3;1;0;428
391;191;190;257;-6;4;0;20665;3;1;0;428
392;191;190;257;1;0;0;20668;3;1;0;428
393;190;190;257;4;-11;0;20671;3;1;0;368
394;190;190;257;-16;3;0;20674;3;1;0;368
395;190;190;257;2;-1;0;20678;3;1;0;368
396;190;190;257;7;-1;0;20682;3;1;0;368
397;190;189;257;1;-2;0;20684;3;1;0;368
398;190;190;257;-4;1;0;20687;3;1;0;368
399;191;190;257;0;-2;0;20690;3;1;0;368
400;191;189;257;4;5;0;20693;3;1;0;368
401;190;190;257;0;0;0;20697;3;1;0;368
402;190;189;257;2;-2;0;20700;3;1;0;368
403;190;191;257;-5;4;0;20703;3;1;0;368
404;191;189;257;3;1;0;20706;3;1;0;368
405;190;190;257;1;9;0;20709;3;1;0;368
406;190;190;257;-12;-8;0;20713;3;1;0;368
407;191;190;257;-2;7;0;20716;3;1;0;368
408;190;190;257;-3;-7;0;20719;3;1;0;368
409;190;190;257;7;2;0;20723;3;1;0;368
410;192;190;257;-3;0;0;20725;3;1;0;368
411;190;190;257;4;1;0;20729;3;1;0;368
412;191;190;257;7;-5;0;20732;3;1;0;307
413;191;190;257;2;6;0;20735;3;1;0;307
414;190;189;257;6;3;0;20738;3;1;0;307
415;191;190;257;2;1;0;20742;3;1;0;307
416;191;190;257;-5;-1;0;20745;3;1;0;307
417;192;190;257;-10;7;0;20748;3;1;0;307
418;191;189;257;6;7;0;20751;3;1;0;307
419;191;190;257;-1;-4;0;20754;3;1;0;307
420;191;190;257;-5;-4;0;20757;3;1;0;307
421;191;190;257;4;3;0;20761;3;1;0;307
422;191;190;257;18;-8;0;20764;3;1;0;307
423;191;190;257;-2;4;0;20767;3;1;0;307
424;191;190;257;12;9;0;20770;3;1;0;307
425;191;190;257;4;-5;0;20773;3;1;0;307
426;191;191;257;0;-5;0;20777;3;1;0;307
427;191;190;257;-8;-1;0;20780;3;1;0;307
428;191;190;257;1;1;0;20783;3;1;0;307
429;190;190;257;3;-5;0;20786;3;1;0;307
430;190;190;257;13;-9;0;20789;3;1;0;307
431;191;191;257;1;-2;0;20793;3;1;0;247
432;191;190;257;6;-3;0;20796;3;1;0;247
433;190;191;257;0;-11;0;20800;3;1;0;247
434;191;190;257;0;9;0;20803;3;1;0;247
435;190;190;257;4;2;0;20805;3;1;0;247
436;190;190;257;8;-6;0;20809;3;1;0;247
437;191;189;257;5;4;0;20812;3;1;0;247
438;192;190;257;-4;-5;0;20815;3;1;0;247
439;191;189;257;-3;-2;0;20818;3;1;0;247
440;190;190;257;1;-3;0;20821;3;1;0;247
441;191;190;257;-1;-4;0;20825;3;1;0;247
442;190;190;257;-9;-5;0;20828;3;1;0;247
443;191;190;257;1;5;0;20831;3;1;0;247
444;191;190;257;4;-8;0;20835;3;1;0;247
445;191;190;257;3;4;0;20837;3;1;0;247
446;190;189;257;1;-1;0;20841;3;1;0;247
447;192;190;257;4;9;0;20844;3;1;0;247
448;191;191;257;13;14;0;20847;3;1;0;247
449;191;190;257;6;4;0;20850;3;1;0;247
450;191;189;257;3;11;0;20853;3;1;0;186
451;191;190;257;-7;10;0;20857;3;1;0;186
452;190;190;257;3;4;0;20861;3;1;0;186
453;191;190;257;-7;-4;0;20864;3;1;0;186
454;190;190;257;-3;-1;0;20866;3;1;0;186
455;191;189;257;5;3;0;20869;3;1;0;186
456;191;190;257;-2;-4;0;20873;3;1;0;186
457;190;190;257;0;-5;0;20876;3;1;0;186
458;191;190;257;6;5;0;20879;3;1;0;186
459;191;190;257;4;2;0;20882;3;1;0;186
460;191;190;257;-4;8;0;20885;3;1;0;186
461;190;190;257;-3;1;0;20889;3;1;0;186
462;190;190;257;1;3;0;20892;3;1;0;186
463;191;190;257;-2;-2;0;20895;3;1;0;186
464;192;190;257;0;11;0;20898;3;1;0;186
465;190;190;257;6;-4;0;20901;3;1;0;186
466;189;190;257;0;3;0;20905;3;1;0;186
467;191;190;257;-3;-10;0;20908;3;1;0;186
468;191;190;257;0;5;0;20911;3;1;0;186
469;191;190;257;-2;-8;0;20914;3;1;0;125
470;191;189;257;0;-1;0;20917;3;1;0;125
471;191;190;257;3;3;0;20921;3;1;0;125
472;191;190;257;3;1;0;20925;3;1;0;125
473;191;190;257;-4;-4;0;20927;3;1;0;125
474;190;190;257;2;-9;0;20930;3;1;0;125
475;191;190;257;2;-7;0;20933;3;1;0;125
476;192;190;257;10;4;0;20937;3;1;0;125
477;191;190;257;6;-9;0;20940;3;1;0;125
478;191;190;257;4;-7;0;20943;3;1;0;125
479;191;190;257;-2;-4;0;20946;3;1;0;125
480;191;189;257;2;7;0;20949;3;1;0;125
481;191;190;257;0;-6;0;20953;3;1;0;125
482;191;190;257;8;5;0;20956;3;1;0;125
483;191;190;257;-6;3;0;20959;3;1;0;125
484;191;190;257;-7;-7;0;20962;3;1;0;125
485;192;189;257;-2;2;0;20966;3;1;0;125
486;191;189;257;5;-7;0;20969;3;1;0;125
487;191;190;257;-4;-5;0;20972;3;1;0;125
488;191;190;257;-6;-8;0;20975;3;1;0;64
489;191;190;257;5;-1;0;20978;3;1;0;64
490;190;190;257;6;-1;0;20982;3;1;0;64
491;191;189;257;2;-1;0;20986;3;1;0;64
492;189;190;257;-2;-8;0;20988;3;1;0;64
493;191;190;257;-3;-3;0;20991;3;1;0;64
494;191;191;257;-4;-4;0;20994;3;1;0;64
495;191;190;257;-3;-3;0;20998;3;1;0;64
496;191;191;257;-1;-1;0;21001;3;1;0;64
497;191;189;257;-1;2;0;21004;3;1;0;64
498;191;191;257;-4;3;0;21007;3;1;0;64
499;191;190;257;3;3;0;21010;3;1;0;64
500;191;189;257;-10;-4;0;21014;3;1;0;64
501;190;190;257;5;-1;0;21017;3;1;0;64
502;190;190;257;8;9;0;21020;3;1;0;64
503;191;190;257;-7;-4;0;21023;3;1;0;64
504;191;190;257;5;-2;0;21027;3;1;0;64
505;190;190;257;11;-6;0;21030;3;1;0;64
506;192;190;257;11;2;0;21033;3;1;0;64
507;191;190;257;3;2;0;21036;3;1;0;3
508;190;190;257;6;-15;0;21039;3;1;0;3
509;191;189;257;0;2;0;21043;3;1;0;3
510;190;190;257;1;8;0;21046;3;1;0;3
511;190;190;257;13;4;0;21049;3;1;0;3
512;190;190;257;-3;5;0;21052;3;1;0;3
513;192;190;257;10;14;0;21103;3;1;0;-58
514;190;189;257;-4;-2;0;21107;3;1;0;-58
515;191;189;257;7;6;0;21110;3;1;0;-58
516;190;190;257;-5;-10;0;21113;3;1;0;-58
517;190;190;257;2;-6;0;21116;3;1;0;-58
518;192;190;257;4;-11;0;21119;3;1;0;-58
519;190;190;257;-7;-2;0;21122;3;1;0;-58
520;191;189;257;2;0;0;21126;3;1;0;-58
521;191;190;257;-2;2;0;21129;3;1;0;-58
522;191;190;257;0;4;0;21132;3;1;0;-58
523;190;191;257;5;2;0;21135;3;1;0;-58
524;191;190;257;-10;3;0;21139;3;1;0;-58
525;191;191;257;1;-8;0;21142;3;1;0;-58
526;190;191;257;-1;4;0;21145;3;1;0;-58
527;190;190;257;3;-7;0;21149;4;1;0;2450
528;190;189;257;-1;4;0;21151;4;1;0;2450
529;191;189;257;2;-3;0;21154;4;1;0;2450
530;191;190;257;-3;-3;0;21158;4;1;0;2450
531;191;190;257;1;1;0;21161;4;1;0;2450
532;190;190;257;1;4;0;21164;4;1;0;2450
533;191;190;257;10;3;0;21167;4;1;0;2450
534;190;190;257;1;2;0;21171;4;1;0;2378
535;190;191;257;7;2;0;21174;4;1;0;2378
536;191;191;257;-1;8;-285;21177;4;1;0;2378
537;191;190;257;4;6;-285;21181;4;1;0;2378
538;191;190;257;-6;-5;-285;21183;4;1;0;2378
539;190;189;257;-2;-5;-285;21186;4;1;0;2378
540;191;190;257;-3;2;-285;21190;4;1;0;2378
541;191;191;257;6;6;-285;21193;4;1;0;2378
542;190;190;257;0;4;-285;21196;4;1;0;2378
543;192;191;257;1;2;-285;21199;4;1;0;2378
544;190;190;257;3;-1;-285;21202;4;1;0;2378
545;192;190;257;12;4;-285;21206;4;1;0;2378
546;191;190;257;4;7;-285;21209;4;1;0;2378
547;191;189;257;1;10;-285;21212;4;1;0;2378
548;191;190;257;0;7;-285;21215;4;1;0;2378
549;193;190;257;0;6;-285;21218;4;1;0;2378
550;191;190;257;-9;-4;-285;21222;4;1;0;2378
551;191;190;257;2;-6;-285;21225;4;1;0;2378
552;192;189;257;2;11;-285;21228;4;1;0;2378
553;190;191;257;1;-4;-285;21232;4;1;0;2317
554;191;189;257;-5;8;-285;21235;4;1;0;2317
555;191;190;257;0;11;-5655;21238;4;1;0;2317
556;190;191;257;5;1;-5655;21242;4;1;0;2317
557;190;189;257;7;12;-5655;21244;4;1;0;2317
558;192;191;257;1;11;-5655;21247;4;1;0;2317
559;190;190;257;0;10;-5655;21251;4;1;0;2317
560;192;190;257;8;10;-5655;21254;4;1;0;2317
561;191;190;257;6;11;-5655;21257;4;1;0;2317
562;190;191;257;4;-2;-5655;21260;4;1;0;2317
563;190;191;257;10;1;-5655;21263;4;1;0;2317
564;190;190;257;4;4;-5655;21266;4;1;0;2317
565;192;189;257;-7;-5;-5655;21270;4;1;0;2317
566;191;190;257;-2;-17;-5655;21273;4;1;0;2317
567;190;190;257;3;-5;-5655;21276;4;1;0;2317
568;190;190;257;1;-5;-5655;21279;4;1;0;2317
569;190;189;257;17;4;-5655;21282;4;1;0;2317
570;191;190;257;4;0;-5655;21286;4;1;0;2317
571;190;190;257;7;-6;-5655;21289;4;1;0;2317
572;192;189;257;-3;-5;-5655;21292;4;1;0;2256
573;192;189;257;4;6;-5655;21296;4;1;0;2256
574;192;190;257;-3;-7;-15418;21299;4;1;0;2256
575;190;190;257;4;2;-15418;21303;4;1;0;2256
576;191;189;257;0;6;-15418;21305;4;1;0;2256
577;191;190;257;2;3;-15418;21308;4;1;0;2256
578;192;190;257;-3;4;-15418;21312;4;1;0;2256
579;191;189;257;-2;-1;-15418;21314;4;1;0;2256
580;190;189;257;2;1;-15418;21318;4;1;0;2256
581;190;189;257;-1;-1;-15418;21322;4;1;0;2256
582;191;190;257;0;-4;-15418;21324;4;1;0;2256
583;190;189;257;7;6;-15418;21327;4;1;0;2256
584;191;191;257;1;1;-15418;21331;4;1;0;2256
585;191;190;257;6;1;-15418;21334;4;1;0;2256
586;190;190;257;4;2;-15418;21337;4;1;0;2256
587;191;190;257;7;-7;-15418;21340;4;1;0;2256
588;190;190;257;5;12;-15418;21343;8;1;0;2256
589;189;190;257;0;-1;-15418;21346;8;1;0;2256
590;190;189;257;7;-15;-15418;21350;8;1;0;2256
591;191;190;257;8;-5;-15418;21353;8;0;0;2256
592;191;190;257;1;-5;-15418;21356;8;0;0;2256
593;190;190;257;8;-5;-15418;21359;8;0;0;2256
594;192;190;257;5;-8;-15418;21363;8;0;0;2256
595;191;189;257;-4;8;-15418;21366;8;0;0;2256
596;191;190;257;1;1;-15418;21369;8;0;0;2256
597;190;190;257;-2;10;-15418;21373;8;0;0;2256
598;191;190;257;-1;0;-15418;21375;8;0;0;2256
599;191;190;257;7;3;-15418;21378;8;0;0;2256
600;191;189;257;-7;2;-15418;21382;8;0;0;2256
601;191;190;257;3;4;-15418;21385;8;0;0;2256
602;191;191;257;-4;-7;-15418;21388;8;0;0;2256
603;190;190;257;-3;5;-20071;21391;8;0;0;2256
604;190;190;257;-4;3;-20071;21394;8;0;0;2256
605;191;190;257;-2;1;-20071;21398;8;0;0;2256
606;191;191;257;1;6;-20071;21401;8;0;0;2256
607;191;190;257;-7;-1;-20071;21404;8;0;0;2256
608;191;190;257;7;-4;-20071;21407;8;0;0;2256
609;191;190;257;-4;-5;-20071;21410;8;0;0;2256
610;190;190;257;9;-7;-20071;21414;8;0;0;2256
611;190;190;257;3;-7;-20071;21417;8;0;0;2256
612;190;190;257;7;6;-20071;21420;8;0;0;2256
613;190;190;257;-6;-1;-20071;21424;8;0;0;2256
614;191;190;257;-2;-5;-20071;21426;8;0;0;2256
615;191;190;257;8;6;-20071;21430;8;0;0;2256
616;191;190;257;2;-1;-20071;21434;8;0;0;2256
617;191;189;257;7;2;-20071;21436;8;0;0;2256
618;191;190;257;5;14;-20071;21439;8;0;0;2256
619;190;190;257;4;5;-20071;21443;8;0;0;2256
620;191;190;257;1;7;-20071;21446;8;0;0;2256
621;190;190;257;2;0;-20071;21449;8;0;0;2256
622;191;191;257;0;4;-20071;21452;8;0;0;2256
623;191;190;257;1;-5;-20071;21455;8;0;0;2256
624;191;190;257;6;-6;-20071;21458;8;0;0;2256
625;190;191;257;-7;1;-20071;21462;8;0;0;2256
626;190;190;257;8;5;-20071;21466;8;0;0;2256
627;190;190;257;-3;10;-20071;21468;8;0;0;2256
628;191;190;257;5;2;-12386;21471;8;0;0;2256
629;191;190;257;3;8;-12386;21475;8;0;0;2256
630;192;190;257;9;15;-12386;21478;8;0;0;2256
631;190;190;257;-4;6;-12386;21481;8;0;0;2256
632;191;190;257;13;4;-12386;21485;8;0;0;2256
633;191;191;257;12;3;-12386;21487;8;0;0;2256
634;190;189;257;4;-2;-12386;21490;8;0;0;2256
635;190;191;257;5;2;-12386;21494;8;0;0;2256
636;190;190;257;2;-4;-12386;21497;8;0;0;2256
637;190;190;257;4;-5;-12386;21500;8;0;0;2256
638;191;190;257;0;-4;-12386;21503;8;0;0;2256
639;190;190;257;-2;7;-12386;21506;8;0;0;2256
640;191;190;257;-6;8;-12386;21510;8;0;0;2256
641;190;189;257;7;6;-1467;21561;8;0;0;2256
642;190;189;257;-1;-3;-1467;21564;8;0;0;2256
643;190;190;257;-10;4;-1467;21567;8;0;0;2256
644;192;190;257;4;9;-1467;21570;8;0;0;2256
645;192;190;257;-3;-1;-1467;21574;8;0;0;2256
646;190;189;257;3;4;-1467;21577;8;0;0;2256
647;191;189;257;-7;9;-1467;21580;8;0;0;2256
648;191;189;257;-3;10;-1467;21583;8;0;0;2256
649;191;189;257;2;0;-1467;21586;8;0;0;2256
650;191;190;257;-2;-5;-1467;21590;8;0;0;2256
651;191;190;257;4;-4;-1467;21593;8;0;0;2256
652;192;190;257;-3;4;-1467;21596;8;0;0;2256
653;191;189;257;1;-4;-1467;21599;8;0;0;2256
654;190;190;257;0;5;-1467;21602;8;0;0;2256
655;191;190;257;-2;8;-1467;21606;8;0;0;2256
656;191;190;257;5;4;-1467;21609;8;0;0;2256
657;191;189;257;0;-4;-1467;21612;8;0;0;2256
658;191;189;257;4;5;-1467;21616;8;0;0;2256
659;190;190;257;5;5;-1467;21618;8;0;0;2256
660;191;190;257;-1;-5;-1467;21622;8;0;0;2256
661;191;189;257;-3;4;-1467;21625;8;0;0;2256
662;190;189;257;-5;4;-1467;21628;8;0;0;2256
663;191;190;257;-3;0;-1467;21632;8;0;0;2256
664;190;190;257;4;-12;-59;21635;8;0;0;2256
665;191;190;257;11;-2;-59;21638;8;0;0;2256
666;191;189;257;3;4;-59;21641;8;0;0;2256
667;191;190;257;-7;-1;-59;21644;8;0;0;2256
668;191;190;257;-3;0;-59;21647;8;0;0;2256
669;191;190;257;2;2;-59;21650;8;0;0;2256
670;190;191;257;2;-4;-59;21654;8;0;0;2256
671;191;191;257;-2;4;-59;21657;8;0;0;2256
672;190;190;257;-8;-10;-59;21660;8;0;0;2256
673;191;190;257;-4;1;-59;21663;8;0;0;2256
674;191;190;257;4;-1;-59;21666;8;0;0;2256
675;191;190;257;3;2;-59;21670;8;0;0;2256
676;191;190;257;-2;-1;-59;21673;8;0;0;2256
677;190;190;257;3;2;-59;21676;8;0;0;2256
678;191;190;257;1;5;-59;21679;8;0;0;2256
679;190;189;257;6;5;-59;21682;8;0;0;2256
680;190;190;257;7;9;-59;21686;8;0;0;2256
681;190;190;257;1;2;-59;21689;8;0;0;2256
682;190;190;257;1;-6;-59;21692;8;0;0;2256
683;191;189;257;-2;-7;-59;21696;8;0;0;2256
684;190;189;257;0;5;-59;21698;8;0;0;2256
685;190;190;257;0;6;-59;21702;8;0;0;2256
686;191;190;257;-11;-2;-59;21705;8;0;0;2256
687;191;190;257;1;1;-59;21708;8;0;0;2256
688;190;189;257;8;-10;-59;21712;8;0;0;2256
689;191;190;257;6;0;-41;21715;8;0;0;2256
690;190;190;257;0;4;-41;21718;8;0;0;2256
691;190;189;257;3;3;-41;21721;8;0;0;2256
692;191;190;257;-1;-5;-41;21724;8;0;0;2256
693;191;190;257;0;-5;-41;21727;8;0;0;2256
694;191;189;257;2;5;-41;21731;8;0;0;2256
695;192;189;257;-1;4;-41;21734;8;0;0;2256
696;191;190;257;-1;3;-41;21737;8;0;0;2256
697;189;190;257;1;-6;-41;21740;8;0;0;2256
698;191;190;257;0;1;-41;21743;8;0;0;2256
699;191;189;257;-4;4;-41;21747;8;0;0;2256
700;191;190;257;3;-8;-41;21750;8;0;0;2256
701;191;190;257;-9;-7;-41;21753;8;0;0;2256
702;191;190;257;-1;6;-41;21756;8;0;0;2256
703;191;190;257;1;-2;-41;21759;8;0;0;2256
704;191;190;257;2;-3;-41;21763;8;0;0;2256
705;191;189;257;0;2;-41;21766;8;0;0;2256
706;192;190;257;-4;8;-41;21769;8;0;0;2256
707;190;190;257;-3;-3;-41;21772;8;0;0;2256
708;191;189;257;8;7;-41;21776;8;0;0;2256
709;191;189;257;1;-7;-41;21779;8;0;0;2256
710;191;190;257;5;-4;-41;21782;8;0;0;2256
711;190;189;257;-7;-8;-41;21785;8;0;0;2256
712;191;189;257;-1;3;-41;21788;8;0;0;2256
713;190;190;257;-2;6;-41;21792;8;0;0;2256
714;191;189;257;-1;2;-8;21796;8;0;0;2256
715;191;190;257;1;10;-8;21798;8;0;0;2256
716;190;189;257;-4;-13;-8;21801;8;0;0;2256
717;191;190;257;-3;4;-8;21804;8;0;0;2256
718;190;191;257;2;-4;-8;21807;8;0;0;2256
719;190;189;257;0;-7;-8;21811;8;0;0;2256
720;190;189;257;4;-1;-8;21814;8;0;0;2256
721;191;189;257;0;2;-8;21817;8;0;0;2256
722;189;190;257;-2;0;-8;21820;8;0;0;2256
723;191;190;257;0;-5;-8;21823;8;0;0;2256
724;190;190;257;-6;-1;-8;21827;8;0;0;2256
725;191;190;257;-3;-1;-8;21830;8;0;0;2256
726;191;189;257;-4;6;-8;21833;8;0;0;2256
727;190;190;257;-11;-7;-8;21837;8;0;0;2256
728;191;190;257;1;-3;-8;21839;8;0;0;2256
729;191;190;257;-2;1;-8;21843;8;0;0;2256
730;191;189;257;1;1;-8;21846;8;0;0;2256
731;190;191;257;12;-4;-8;21849;8;0;0;2256
732;190;190;257;-3;6;-8;21852;8;0;0;2256
733;190;189;257;1;-9;-8;21856;8;0;0;2256
734;190;190;257;3;-4;-8;21859;8;0;0;2256
735;191;190;257;2;-6;-8;21862;8;0;0;2256
736;190;191;257;-1;-3;-8;21865;8;0;0;2256
737;190;191;257;-5;-2;-8;21868;8;0;0;2256
738;190;190;257;5;5;-8;21871;8;0;0;2256
739;191;190;257;-3;9;-7;21875;8;0;0;2256
740;191;191;257;6;-8;-7;21878;8;0;0;2256
741;191;190;257;-6;1;-7;21881;8;0;0;2256
742;191;190;257;0;6;-7;21884;8;0;0;2256
743;190;190;257;-1;4;-7;21887;8;0;0;2256
744;191;190;257;10;9;-7;21891;8;0;0;2256
745;191;190;257;-9;8;-7;21894;8;0;0;2256
746;190;190;257;0;-6;-7;21897;8;0;0;2256
747;191;190;257;2;-2;-7;21900;8;0;0;2256
748;190;189;257;-6;4;-7;21903;8;0;0;2256
749;190;190;257;9;2;-7;21907;8;0;0;2256
750;191;191;257;-2;4;-7;21910;8;0;0;2256
751;192;190;257;-7;6;-7;21913;8;0;0;2256
752;191;190;257;-4;6;-7;21917;8;0;0;2256
753;191;190;257;-4;6;-7;21919;8;0;0;2256
754;191;189;257;7;7;-7;21923;8;0;0;2256
755;191;190;257;-3;5;-7;21926;8;0;0;2256
756;191;190;257;4;0;-7;21929;8;0;0;2256
757;191;191;257;5;-2;-7;21932;8;0;0;2256
758;190;190;257;-6;-10;-7;21936;8;0;0;2256
759;191;189;257;-3;8;-7;21939;8;0;0;2256
760;191;190;257;-4;-2;-7;21942;8;0;0;2256
761;191;189;257;8;3;-7;21945;8;0;0;2256
762;190;190;257;3;3;-7;21948;8;0;0;2256
763;191;190;257;-4;-7;-7;21951;8;0;0;2256
764;191;189;257;-1;4;-6;21955;8;0;0;2256
765;191;190;257;-4;-1;-6;21958;8;0;0;2256
766;191;189;257;6;-1;-6;21961;8;0;0;2256
767;191;190;257;-1;-4;-6;21964;8;0;0;2256
768;190;190;257;2;-1;-6;21967;8;0;0;2256
769;191;190;257;11;12;-6;22019;8;0;0;2256
770;190;190;257;-2;5;-6;22022;8;0;0;2256
771;191;189;257;4;-1;-6;22025;8;0;0;2256
772;192;191;257;-8;-2;-6;22029;8;0;0;2256
773;191;190;257;-4;0;-6;22031;8;0;0;2256
774;191;190;257;7;7;-6;22035;8;0;0;2256
775;190;190;257;3;6;-6;22038;8;0;0;2256
776;191;190;257;-3;-2;-6;22041;8;0;0;2256
777;190;190;257;5;1;-6;22044;8;0;0;2256
778;191;190;257;-1;-5;-6;22048;8;0;0;2256
779;190;190;257;12;-5;-6;22051;8;0;0;2256
780;191;189;257;-10;-7;-6;22054;8;0;0;2256
781;190;189;257;0;5;-6;22058;8;0;0;2256
782;191;189;257;-7;2;-6;22060;8;0;0;2256
783;191;190;257;-3;3;-6;22063;8;0;0;2256
784;190;190;257;-1;2;-6;22067;8;0;0;2256
785;191;190;257;-4;-5;-6;22070;8;0;0;2256
786;191;190;257;4;-1;-6;22073;8;0;0;2256
787;191;189;257;-7;-1;-6;22076;8;0;0;2256
788;191;191;257;3;6;-6;22079;8;0;0;2256
789;190;190;257;3;-3;-6;22083;8;0;0;2256
790;192;190;257;-8;1;-6;22086;8;0;0;2256
791;190;190;257;7;5;-6;22089;8;0;0;2256
792;191;190;257;0;0;-6;22092;8;0;0;2256
793;190;190;257;2;-1;-6;22095;8;0;0;2256
794;190;189;257;-6;-2;-6;22099;8;0;0;2256
795;191;191;257;-3;-8;-6;22102;8;0;0;2256
796;191;190;257;-7;-8;-6;22105;8;0;0;2256
797;191;190;257;5;-6;-6;22109;8;0;0;2256
798;190;190;257;0;-17;-6;22112;8;0;0;2256
799;191;189;257;1;5;-4;22115;8;0;0;2256
800;191;190;257;1;-5;-4;22119;8;0;0;2256
801;190;191;257;3;0;-4;22121;8;0;0;2256
802;190;190;257;9;0;-4;22124;8;0;0;2256
803;191;190;257;-6;-1;-4;22128;8;0;0;2256
804;191;189;257;-3;-1;-4;22131;8;0;0;2256
805;191;190;257;7;3;-4;22134;8;0;0;2256
806;191;191;257;-1;-5;-4;22137;8;0;0;2256
807;191;190;257;1;-1;-4;22140;8;0;0;2256
808;189;189;257;-2;-12;-4;22143;8;0;0;2256
809;190;190;257;3;-1;-4;22147;8;0;0;2256
810;190;190;257;5;-2;-4;22150;8;0;0;2256
811;190;190;257;-2;-6;-4;22153;8;0;0;2256
812;190;189;257;-3;-5;-4;22156;8;0;0;2256
813;191;190;257;-6;12;-4;22159;8;0;0;2256
814;191;191;257;0;0;-4;22163;8;0;0;2256
815;191;190;257;1;-4;-4;22166;8;0;0;2256
816;191;190;257;0;-5;-4;22169;8;0;0;2256
817;190;190;257;9;-4;-4;22172;8;0;0;2256
818;190;189;257;1;-2;-4;22175;8;0;0;2256
819;190;190;257;12;-7;-4;22179;8;0;0;2256
820;190;190;257;-2;-2;-4;22182;8;0;0;2256
821;190;190;257;-2;-7;-4;22185;8;0;0;2256
822;191;190;257;5;-8;-4;22188;8;0;0;2256
823;190;190;257;4;-1;-4;22192;8;0;0;2256
824;191;190;257;3;-1;-4;22195;8;0;0;2256
825;190;189;257;0;1;-4;22199;8;0;0;2256
826;190;190;257;5;-4;-4;22201;8;0;0;2256
827;191;190;257;2;-8;-4;22204;8;0;0;2256
828;192;191;257;-3;2;-4;22208;8;0;0;2256
829;190;190;257;-2;1;-4;22211;8;0;0;2256
830;191;190;257;-2;0;-4;22214;8;0;0;2256
831;191;190;257;-6;-4;-4;22217;8;0;0;2256
832;191;191;257;3;4;-4;22220;8;0;0;2256
833;191;190;257;1;-2;-4;22223;8;0;0;2256
834;191;190;257;-3;-1;-4;22227;8;0;0;2256
835;191;190;257;-3;3;-4;22230;8;0;0;2256
836;191;190;257;3;-5;-4;22233;8;0;0;2256
837;192;191;257;-3;-3;-4;22236;8;0;0;2256
838;191;190;257;-2;-10;-4;22240;8;0;0;2256
839;190;190;257;-5;5;-4;22243;8;0;0;2256
840;190;190;257;1;-3;-4;22246;8;0;0;2256
841;191;190;257;-6;0;-4;22250;8;0;0;2256
842;191;190;257;5;8;-4;22252;8;0;0;2256
843;191;190;257;3;4;-4;22255;8;0;0;2256
844;192;190;257;3;-2;-4;22259;8;0;0;2256
845;191;190;257;7;1;-4;22262;8;0;0;2256
846;191;190;257;2;4;-4;22265;8;0;0;2256
847;190;190;257;1;4;-4;22268;8;0;0;2256
848;190;190;257;-1;3;-4;22272;8;0;0;2256
849;190;190;257;4;1;-4;22275;8;0;0;2256
850;191;190;257;-11;6;-4;22278;8;0;0;2256
851;190;189;257;5;-10;-4;22281;8;0;0;2256
852;191;190;257;2;-3;-4;22284;8;0;0;2256
853;191;191;257;-5;1;-4;22287;8;0;0;2256
854;191;190;257;2;8;-4;22291;8;0;0;2256
855;190;190;257;-1;1;-4;22294;8;0;0;2256
856;191;190;257;-5;-8;-4;22297;8;0;0;2256
857;191;190;257;-9;13;-4;22301;8;0;0;2256
858;191;190;257;3;-6;-4;22303;8;0;0;2256
859;191;189;257;3;8;-4;22307;8;0;0;2256
860;190;190;257;-2;-2;-4;22311;8;0;0;2256
861;191;190;257;-5;0;-4;22313;8;0;0;2256
862;190;189;257;-2;2;-4;22316;8;0;0;2256
863;191;190;257;5;10;-4;22320;8;0;0;2256
864;190;189;257;0;1;-4;22323;8;0;0;2256
865;191;189;257;-6;2;-4;22326;8;0;0;2256
866;191;191;257;4;-5;-4;22329;8;0;0;2256
867;191;190;257;6;-3;-4;22332;8;0;0;2256
868;190;191;257;-5;-6;-4;22335;8;0;0;2256
869;191;190;257;-3;-1;-4;22339;8;0;0;2256
870;191;190;257;-12;-2;-4;22342;8;0;0;2256
871;191;190;257;8;0;-4;22345;8;0;0;2256
872;191;191;257;-1;3;-4;22348;8;0;0;2256
873;189;190;257;4;-3;-4;22352;8;0;0;2256
874;190;190;257;9;-2;-4;22355;8;0;0;2256
875;191;190;257;-6;2;-3;22358;8;0;0;2256
876;190;190;257;-2;5;-3;22362;8;0;0;2256
877;190;190;257;-2;7;-3;22364;8;0;0;2256
878;190;190;257;5;3;-3;22368;8;0;0;2256
879;191;191;257;-7;4;-3;22371;8;0;0;2256
880;191;190;257;-2;1;-3;22374;8;0;0;2256
881;191;190;257;-1;-4;-3;22377;8;0;0;2256
882;190;190;257;12;1;-3;22381;8;0;0;2256
883;191;189;257;0;2;-3;22383;8;0;0;2256
884;191;189;257;4;-1;-3;22387;8;0;0;2256
885;191;190;257;1;4;-3;22391;8;0;0;2256
886;191;191;257;-4;-2;-3;22393;8;0;0;2256
887;191;191;257;5;-7;-3;22396;8;0;0;2256
888;191;190;257;0;6;-3;22400;8;0;0;2256
889;191;189;257;-12;3;-3;22403;8;0;0;2256
890;190;190;257;5;1;-3;22406;8;0;0;2256
891;191;189;257;-8;14;-3;22409;8;0;0;2256
892;191;189;257;0;-1;-3;22412;8;0;0;2256
893;191;189;257;4;10;-3;22415;8;0;0;2256
894;190;190;257;2;-3;-3;22419;8;0;0;2256
895;190;190;257;7;5;-3;22422;8;0;0;2256
896;191;190;257;-5;2;-3;22425;8;0;0;2256
897;191;189;257;5;7;-2;22476;8;0;0;2256
898;191;190;257;4;-4;-2;22480;8;0;0;2256
899;190;190;257;-2;-7;-2;22483;8;0;0;2256
900;191;190;257;-6;7;-2;22486;8;0;0;2256
901;190;190;257;-2;2;-2;22489;8;0;0;2256
902;190;189;257;4;5;-2;22492;8;0;0;2256
903;192;190;257;-1;0;-2;22496;8;0;0;2256
904;191;190;257;-3;-3;-2;22499;8;0;0;2256
905;190;190;257;2;-2;-2;22502;8;0;0;2256
906;190;190;257;3;-2;-2;22505;8;0;0;2256
907;190;190;257;7;1;-2;22508;8;0;0;2256
908;191;190;257;1;1;-2;22512;8;0;0;2256
909;191;190;257;12;4;-2;22516;8;0;0;2256
910;191;190;257;-6;-1;-2;22519;8;0;0;2256
911;191;190;257;14;-2;-2;22522;8;0;0;2256
912;190;189;257;-2;-1;-2;22524;8;0;0;2256
913;190;190;257;-6;-4;-2;22528;8;0;0;2256
914;191;189;257;9;3;-2;22531;8;0;0;2256
915;191;190;257;6;-1;-2;22534;8;0;0;2256
916;192;190;257;4;4;-2;22537;8;0;0;2256
917;192;191;257;-1;-4;-2;22541;8;0;0;2256
918;191;190;257;3;4;-2;22544;8;0;0;2256
919;191;190;257;-3;7;-2;22547;8;0;0;2256
920;190;190;257;5;-12;-2;22550;8;0;0;2256
921;190;190;257;-4;-6;-2;22553;8;0;0;2256
922;190;189;257;0;-8;-2;22556;8;0;0;2256
923;191;190;257;-8;5;-2;22560;8;0;0;2256
924;191;190;257;-2;-7;-2;22563;8;0;0;2256
925;191;190;257;-8;-2;-2;22566;8;0;0;2256
926;191;190;257;0;-4;-2;22569;8;0;0;2256
927;190;189;257;4;-5;-2;22572;8;0;0;2256
928;190;190;257;8;1;-2;22576;8;0;0;2256
929;190;190;257;-2;-7;-2;22579;8;0;0;2256
930;191;189;257;1;-2;-2;22582;8;0;0;2256
931;192;189;257;0;-4;-2;22585;8;0;0;2256
932;190;190;257;0;0;-2;22588;8;0;0;2256
933;191;189;257;-1;1;-2;22592;8;0;0;2256
934;190;190;257;-1;6;-2;22595;8;0;0;2256
935;190;191;257;5;10;-2;22599;8;0;0;2256
936;189;189;257;-7;-4;-2;22602;8;0;0;2256
937;190;190;257;-1;4;-2;22604;8;0;0;2256
938;191;190;257;-3;-3;-2;22608;8;0;0;2256
939;190;190;257;0;-2;-2;22611;8;0;0;2256
940;191;191;257;0;4;-2;22614;8;0;0;2256
941;191;190;257;4;-5;-2;22617;8;0;0;2256
942;190;190;257;4;2;-2;22620;8;0;0;2256
943;190;190;257;-3;-2;-2;22624;8;0;0;2256
944;191;190;257;-7;-4;-2;22627;8;0;0;2256
945;192;190;257;1;-5;-2;22630;8;0;0;2256
946;190;190;257;1;-6;-2;22633;8;0;0;2256
947;190;190;257;-2;-8;-2;22636;8;0;0;2256
948;191;190;257;5;-3;-2;22640;8;0;0;2256
949;192;190;257;2;-5;-2;22643;8;0;0;2256
950;191;190;257;-6;0;-2;22646;8;0;0;2256
951;191;190;257;1;2;-2;22649;8;0;0;2256
952;190;190;257;0;-3;-2;22653;8;0;0;2256
953;191;190;257;7;2;-2;22656;8;0;0;2256
954;191;190;257;3;-2;-2;22659;8;0;0;2256
955;191;190;257;0;4;-2;22663;8;0;0;2256
956;190;190;257;10;-4;-2;22665;8;0;0;2256
957;191;190;257;-6;3;-2;22668;8;0;0;2256
958;190;190;257;-8;9;-2;22672;8;0;0;2256
959;191;190;257;0;-19;-2;22675;8;0;0;2256
960;191;189;257;6;-1;-2;22678;8;0;0;2256
961;192;189;257;-1;-10;-1;22681;8;0;0;2256
962;191;191;257;-8;6;-1;22684;8;0;0;2256
963;190;189;257;4;1;-1;22688;8;0;0;2256
964;191;190;257;-3;0;-1;22691;8;0;0;2256
965;190;190;257;-7;6;-1;22694;8;0;0;2256
966;190;190;257;-3;1;-1;22697;8;0;0;2256
967;190;190;257;2;-7;-1;22700;8;0;0;2256
968;191;191;257;4;-2;-1;22704;8;0;0;2256
969;191;189;257;0;-2;-1;22707;8;0;0;2256
970;192;190;257;-8;1;-1;22710;8;0;0;2256
971;190;189;257;7;-1;-1;22714;8;0;0;2256
972;190;191;257;-2;-1;-1;22716;8;0;0;2256
973;190;190;257;3;-4;-1;22720;8;0;0;2256
974;191;190;257;0;2;-1;22723;8;0;0;2256
975;191;190;257;6;3;-1;22726;8;0;0;2256
976;191;190;257;0;7;-1;22729;8;0;0;2256
977;191;190;257;5;4;-1;22733;8;0;0;2256
978;190;190;257;1;9;-1;22736;8;0;0;2256
979;191;189;257;3;14;-1;22739;8;0;0;2256
980;191;189;257;-8;-1;-1;22742;8;0;0;2256
981;191;190;257;9;14;-1;22745;8;0;0;2256
982;190;190;257;7;-11;-1;22748;8;0;0;2256
983;191;189;257;6;13;-1;22752;8;0;0;2256
984;191;190;257;-1;-6;-1;22755;8;0;0;2256
985;190;189;257;-2;-13;-1;22758;8;0;0;2256
986;192;190;257;5;-1;-1;22761;8;0;0;2256
987;191;190;257;8;-13;-1;22765;8;0;0;2256
988;191;190;257;-6;3;-1;22768;8;0;0;2256
989;191;190;257;-3;-7;-1;22771;8;0;0;2256
990;190;189;257;1;-8;-1;22775;8;0;0;2256
991;191;189;257;0;-1;-1;22777;8;0;0;2256
992;191;190;257;3;6;-1;22780;8;0;0;2256
993;191;190;257;8;-3;-1;22784;8;0;0;2256
994;191;190;257;-7;-1;-1;22787;8;0;0;2256
995;191;189;257;8;0;-1;22790;8;0;0;2256
996;192;190;257;-4;0;-1;22793;8;0;0;2256
997;191;190;257;-7;-1;-1;22796;8;0;0;2256
998;191;189;257;-5;14;-1;22800;8;0;0;2256
999;191;189;257;14;-4;-1;22803;8;0;0;2256
1000;191;190;257;-4;-11;-1;22806;8;0;0;2256
1001;190;190;257;-8;-1;-1;22809;8;0;0;2256
1002;191;190;257;-2;-10;-1;22812;8;0;0;2256
1003;191;190;257;-1;-1;-1;22816;8;0;0;2256
1004;191;190;257;-7;-1;-1;22819;8;0;0;2256
1005;191;190;257;0;-4;-1;22822;8;0;0;2256
1006;192;190;257;-2;-1;-1;22825;8;0;0;2256
1007;191;190;257;-2;2;-1;22828;8;0;0;2256
1008;190;189;257;-2;-1;-1;22832;8;0;0;2256
1009;191;190;257;-3;-3;-1;22835;8;0;0;2256
1010;190;189;257;-1;-2;-1;22839;8;0;0;2256
1011;190;190;257;5;-6;-1;22842;8;0;0;2256
1012;189;190;257;-1;-2;-1;22845;8;0;0;2256
1013;191;190;257;-3;-6;-1;22848;8;0;0;2256
1014;190;189;257;7;1;-1;22851;8;0;0;2256
1015;191;190;257;3;-2;-1;22854;8;0;0;2256
1016;191;190;257;1;2;-1;22857;8;0;0;2256
1017;190;190;257;12;-2;-1;22860;8;0;0;2256
1018;190;190;257;3;-3;-1;22864;8;0;0;2256
1019;190;190;257;5;5;-1;22867;8;0;0;2256
1020;192;190;257;1;-1;-1;22870;8;0;0;2256
1021;190;190;257;0;4;-1;22873;8;0;0;2256
1022;192;189;257;-1;-8;-1;22876;8;0;0;2256
1023;190;191;257;5;-1;-1;22880;8;0;0;2256
1024;191;191;257;4;-2;-1;22883;8;0;0;2256
1025;191;190;257;8;9;-1;22931;8;0;0;2256
1026;191;190;257;-4;5;-1;22934;8;0;0;2256
1027;191;190;257;0;-5;-1;22937;8;0;0;2256
1028;191;190;257;-2;-1;-1;22940;8;0;0;2256
1029;192;190;257;-4;1;-1;22944;8;0;0;2256
1030;191;191;257;3;2;-1;22947;8;0;0;2256
1031;191;190;257;-13;-4;-1;22950;8;0;0;2256
1032;190;190;257;5;-4;-1;22953;8;0;0;2256
1033;190;190;257;0;-5;-1;22956;8;0;0;2256
1034;192;189;257;7;5;-1;22960;8;0;0;2256
1035;191;189;257;-3;5;-1;22963;8;0;0;2256
1036;190;190;257;1;-5;-1;22966;8;0;0;2256
1037;189;190;257;4;-10;-1;22969;8;0;0;2256
1038;191;190;257;5;-5;-1;22972;8;0;0;2256
1039;190;189;257;5;-4;-1;22976;8;0;0;2256
1040;190;190;257;1;2;-1;22979;8;0;0;2256
1041;191;191;257;5;-2;-1;22982;8;0;0;2256
1042;191;190;257;8;0;-1;22986;8;0;0;2256
1043;190;190;257;8;-2;-1;22988;8;0;0;2256
1044;191;190;257;-3;-2;-1;22992;8;0;0;2256
1045;192;190;257;2;-13;-1;22995;8;0;0;2256
1046;191;191;257;7;0;-1;22998;8;0;0;2256
1047;190;190;257;3;5;-1;23001;8;0;0;2256
1048;191;191;257;-1;1;-1;23005;8;0;0;2256
1049;190;190;257;3;0;-1;23008;8;0;0;2256
1050;190;189;257;-1;3;-1;23011;8;0;0;2256
1051;192;190;257;0;5;-1;23014;8;0;0;2256
1052;191;191;257;16;-2;-1;23017;8;0;0;2256
1053;190;189;257;3;-5;-1;23020;8;0;0;2256
1054;191;190;257;-5;2;-1;23024;8;0;0;2256
1055;191;190;257;-10;4;-1;23027;8;0;0;2256
1056;190;189;257;-2;3;-1;23030;8;0;0;2256
1057;190;190;257;-1;-15;-1;23033;8;0;0;2256
1058;191;190;257;5;-1;-1;23037;8;0;0;2256
1059;191;190;257;0;4;-1;23040;8;0;0;2256
1060;191;190;257;2;5;-1;23043;8;0;0;2256
1061;190;191;257;-2;1;-1;23047;8;0;0;2256
1062;191;190;257;1;0;-1;23049;8;0;0;2256
1063;190;189;257;-7;-2;-1;23052;8;0;0;2256
1064;192;190;257;-1;5;-1;23056;8;0;0;2256
1065;190;189;257;3;7;-1;23059;8;0;0;2256
1066;191;190;257;-1;-2;-1;23062;8;0;0;2256
1067;191;190;257;0;-11;-1;23066;8;0;0;2256
1068;191;190;257;2;1;-1;23068;8;0;0;2256
1069;191;190;257;6;0;-1;23072;8;0;0;2256
1070;191;191;257;0;7;-1;23075;8;0;0;2256
1071;191;189;257;3;8;-1;23078;8;0;0;2256
1072;192;190;257;-2;-1;-1;23081;8;0;0;2256
1073;190;189;257;2;-2;-1;23084;8;0;0;2256
1074;190;189;257;-3;3;-1;23088;8;0;0;2256
1075;191;191;257;0;-5;-1;23091;8;0;0;2256
1076;191;190;257;6;3;-1;23094;8;0;0;2256
1077;189;190;257;-1;2;-1;23098;8;0;0;2256
1078;191;189;257;2;1;-1;23100;8;0;0;2256
1079;191;190;257;2;-5;-1;23104;8;0;0;2256
1080;191;190;257;-2;5;-1;23108;8;0;0;2256
1081;191;189;257;-4;5;-1;23110;8;0;0;2256
1082;191;190;257;-2;1;-1;23113;8;0;0;2256
1083;191;190;257;4;2;-1;23117;8;0;0;2256
1084;191;191;257;-4;2;-1;23120;8;0;0;2256
1085;191;190;257;-1;-7;-1;23123;8;0;0;2256
1086;191;190;257;4;2;-1;23126;8;0;0;2256
1087;191;189;257;8;2;-1;23129;8;0;0;2256
1088;191;190;257;4;1;-1;23132;8;0;0;2256
1089;191;190;257;-5;2;-1;23136;8;0;0;2256
1090;191;190;257;-2;-4;-1;23139;8;0;0;2256
1091;191;190;257;-7;-6;-1;23142;8;0;0;2256
1092;190;190;257;4;6;-1;23145;8;0;0;2256
1093;191;190;257;-9;-12;-1;23149;8;0;0;2256
1094;191;191;257;0;4;-1;23152;8;0;0;2256
1095;191;190;257;-4;2;-1;23155;8;0;0;2256
1096;190;190;257;5;-6;-1;23159;8;0;0;2256
1097;191;189;257;9;1;-1;23162;8;0;0;2256
1098;190;190;257;-5;5;-1;23165;8;0;0;2256
1099;191;190;257;0;2;-1;23169;8;0;0;2256
1100;190;189;257;-5;-2;-1;23171;8;0;0;2256
1101;189;190;257;0;2;-1;23174;8;0;0;2256
1102;190;190;257;0;5;-1;23178;8;0;0;2256
1103;191;190;257;-3;2;-1;23181;8;0;0;2256
1104;191;190;257;-12;4;-1;23184;8;0;0;2256
1105;192;189;257;3;3;-1;23187;8;0;0;2256
1106;191;190;257;-6;5;-1;23190;8;0;0;2256
1107;190;191;257;7;-1;-1;23193;8;0;0;2256
1108;190;190;257;-5;-4;-1;23197;8;0;0;2256
1109;191;191;257;-5;-2;-1;23200;8;0;0;2256
1110;190;189;257;5;-1;-1;23203;8;0;0;2256
1111;190;190;257;-4;10;-1;23206;8;0;0;2256
1112;190;189;257;10;2;-1;23209;8;0;0;2256
1113;192;190;257;3;2;-1;23213;8;0;0;2256
1114;191;191;257;1;-4;-1;23216;8;0;0;2256
1115;191;190;257;8;-3;-1;23219;8;0;0;2256
1116;191;190;257;1;6;-1;23222;8;0;0;2256
1117;191;190;257;-1;-4;-1;23225;8;0;0;2256
1118;191;190;257;0;4;-1;23229;8;0;0;2256
1119;190;191;257;0;-5;-1;23232;8;0;0;2256
1120;191;190;257;3;0;-1;23235;8;0;0;2256
1121;190;190;257;5;-1;-1;23238;8;0;0;2256
1122;191;189;257;-1;9;-1;23241;8;0;0;2256
1123;190;189;257;12;-4;-1;23245;8;0;0;2256
1124;191;190;257;-4;6;-1;23249;8;0;0;2256
1125;191;190;257;3;-3;-1;23251;8;0;0;2256
1126;191;190;257;5;3;-1;23254;8;0;0;2256
1127;190;190;257;0;-5;-1;23257;8;0;0;2256
1128;191;190;257;1;5;-1;23261;8;0;0;2256
1129;190;190;257;4;-2;-1;23264;8;0;0;2256
1130;190;191;257;1;0;-1;23267;8;0;0;2256
1131;191;189;257;-3;8;-1;23270;8;0;0;2256
1132;191;190;257;-7;-2;-1;23273;8;0;0;2256
1133;191;189;257;7;-5;-1;23277;8;0;0;2256
1134;191;190;257;5;-2;-1;23280;8;0;0;2256
1135;191;190;257;5;14;-1;23283;8;0;0;2256
1136;191;189;257;-1;5;-1;23286;8;0;0;2256
1137;190;190;257;-2;-6;-1;23290;8;0;0;2256
1138;191;189;257;2;-2;-1;23293;8;0;0;2256
1139;192;190;257;-6;-3;-1;23296;8;0;0;2256
1140;191;190;257;-5;2;-1;23300;8;0;0;2256
1141;191;190;257;7;-1;-1;23302;8;0;0;2256
1142;189;190;257;-5;-3;-1;23305;8;0;0;2256
1143;190;190;257;5;6;-1;23309;8;0;0;2256
1144;191;190;257;3;6;-1;23312;8;0;0;2256
1145;191;189;257;-6;5;-1;23315;8;0;0;2256
1146;191;190;257;-10;-5;-1;23318;8;0;0;2256
1147;190;189;257;5;-8;-1;23322;8;0;0;2256
1148;191;191;257;-6;-3;-1;23325;8;0;0;2256
1149;190;190;257;4;3;-1;23328;8;0;0;2256
1150;191;190;257;-4;6;-1;23331;8;0;0;2256
1151;190;190;257;-1;-8;-1;23334;8;0;0;2256
1152;191;190;257;1;7;-1;23337;8;0;0;2256
1153;191;190;257;10;18;-1;23389;8;0;0;2256
1154;191;190;257;1;-8;-1;23392;8;0;0;2256
1155;191;189;257;4;-2;-1;23395;8;0;0;2256
1156;191;190;257;-4;4;-1;23398;8;0;0;2256
1157;190;190;257;-8;1;-1;23402;8;0;0;2256
1158;191;190;257;-3;8;-1;23405;8;0;0;2256
1159;190;189;257;0;5;-1;23408;8;0;0;2256
1160;191;190;257;3;7;-1;23412;8;0;0;2256
1161;190;190;257;-3;0;-1;23414;8;0;0;2256
1162;191;190;257;-3;-1;-1;23417;8;0;0;2256
1163;190;189;257;3;5;-1;23421;8;0;0;2256
1164;190;190;257;-3;-1;-1;23424;8;0;0;2256
1165;191;190;257;3;-11;-1;23427;8;0;0;2256
1166;192;190;257;2;-1;-1;23430;8;0;0;2256
1167;190;191;257;3;-6;-1;23433;8;0;0;2256
1168;191;190;257;7;3;-1;23437;8;0;0;2256
1169;191;190;257;-2;6;-1;23440;8;0;0;2256
1170;190;190;257;1;3;-1;23443;8;0;0;2256
1171;190;190;257;3;0;-1;23446;8;0;0;2256
1172;191;190;257;3;1;-1;23449;8;0;0;2256
1173;191;189;257;6;0;-1;23453;8;0;0;2256
1174;190;191;257;6;-2;-1;23456;8;0;0;2256
1175;190;190;257;-1;-4;-1;23459;8;0;0;2256
1176;191;190;257;3;8;-1;23462;8;0;0;2256
1177;190;189;257;1;2;-1;23465;8;0;0;2256
1178;191;190;257;0;11;-1;23469;8;0;0;2256
1179;191;190;257;6;3;-1;23472;8;0;0;2256
1180;191;190;257;3;9;-1;23475;8;0;0;2256
1181;190;190;257;-1;-3;-1;23478;8;0;0;2256
1182;191;191;257;1;-6;-1;23481;8;0;0;2256
1183;191;190;257;4;-4;-1;23485;8;0;0;2256
1184;191;190;257;2;-6;-1;23489;8;0;0;2256
1185;189;190;257;-6;0;-1;23492;8;0;0;2256
1186;190;190;257;4;7;-1;23494;8;0;0;2256
1187;190;189;257;7;3;-1;23497;8;0;0;2256
1188;191;190;257;6;-1;-1;23501;8;0;0;2256
1189;191;190;257;0;-7;-1;23504;8;0;0;2256
1190;190;190;257;-5;-2;-1;23507;8;0;0;2256
1191;191;190;257;-1;3;-1;23510;8;0;0;2256
1192;191;189;257;0;-4;-1;23513;8;0;0;2256
1193;191;190;257;-9;-7;-1;23517;8;0;0;2256
1194;191;190;257;7;-5;-1;23520;8;0;0;2256
1195;191;190;257;-4;8;-1;23523;8;0;0;2256
1196;190;189;257;9;-4;-1;23526;8;0;0;2256
1197;190;190;257;5;-9;-1;23529;8;0;0;2256
1198;191;190;257;-1;8;-1;23533;8;0;0;2256
1199;191;189;257;-2;3;-1;23536;8;0;0;2256
1200;191;189;257;3;-5;-1;23539;8;0;0;2256
1201;191;189;257;0;4;-1;23543;8;0;0;2256
1202;191;189;257;0;3;-1;23545;8;0;0;2256
1203;190;189;257;5;2;-1;23549;8;0;0;2256
1204;189;190;257;-2;-5;-1;23553;8;0;0;2256
1205;191;190;257;6;-4;-1;23555;8;0;0;2256
1206;190;190;257;3;1;-1;23558;8;0;0;2256
1207;190;191;257;-1;-6;-1;23562;8;0;0;2256
1208;190;190;257;-11;-4;-1;23565;8;0;0;2256
1209;190;191;257;11;-3;-1;23568;8;0;0;2256
1210;191;189;257;0;-7;-1;23572;8;0;0;2256
1211;190;189;257;5;-4;-1;23574;8;0;0;2256
1212;190;191;257;3;-2;-1;23577;8;0;0;2256
1213;191;190;257;0;1;-1;23581;8;0;0;2256
1214;190;189;257;-1;-7;-1;23584;8;0;0;2256
1215;191;190;257;-7;5;-1;23587;8;0;0;2256
1216;191;190;257;11;-6;-1;23590;8;0;0;2256
1217;192;190;257;-8;-4;-1;23593;8;0;0;2256
1218;192;190;257;-2;-8;-1;23597;8;0;0;2256
1219;191;190;257;3;9;-1;23600;8;0;0;2256
1220;191;190;257;-1;3;-1;23603;8;0;0;2256
1221;191;189;257;-4;2;-1;23606;8;0;0;2256
1222;190;189;257;0;-6;-1;23609;8;0;0;2256
1223;191;191;257;1;8;-1;23613;8;0;0;2256
1224;191;190;257;-1;-8;-1;23616;8;0;0;2256
1225;191;190;257;3;6;-1;23619;8;0;0;2256
1226;190;190;257;4;-1;-1;23623;8;0;0;2256
1227;191;190;257;-3;-3;-1;23625;8;0;0;2256
1228;190;190;257;6;-4;-1;23629;8;0;0;2256
1229;191;190;257;-5;8;-1;23633;8;0;0;2256
1230;190;189;257;-4;-10;-1;23635;8;0;0;2256
1231;191;190;257;-1;0;-1;23638;8;0;0;2256
1232;191;190;257;-9;2;-1;23642;8;0;0;2256
1233;191;191;257;-3;-7;-1;23645;8;0;0;2256
1234;190;189;257;4;-9;-1;23648;8;0;0;2256
1235;191;190;257;6;-10;0;23651;8;0;0;2256
1236;190;190;257;-5;2;0;23654;8;0;0;2256
1237;191;191;257;-1;-6;0;23657;8;0;0;2256
1238;191;189;257;4;0;0;23661;8;0;0;2256
1239;191;189;257;-5;4;0;23664;8;0;0;2256
1240;192;190;257;-1;8;0;23667;8;0;0;2256
1241;191;190;257;-1;1;0;23670;8;0;0;2256
1242;191;189;257;-6;6;0;23674;8;0;0;2256
1243;191;190;257;-8;1;0;23677;8;0;0;2256
1244;190;189;257;-10;-4;0;23680;8;0;0;2256
1245;190;190;257;6;13;0;23684;8;0;0;2256
1246;191;190;257;4;-2;0;23686;8;0;0;2256
1247;190;190;257;1;5;0;23689;8;0;0;2256
1248;191;189;257;4;6;0;23693;8;0;0;2256
1249;191;190;257;-3;-2;0;23696;8;0;0;2256
1250;191;189;257;0;2;0;23699;8;0;0;2256
1251;190;190;257;-7;-6;0;23702;8;0;0;2256
1252;190;189;257;-1;-3;0;23705;8;0;0;2256
1253;190;189;257;5;1;0;23709;8;0;0;2256
1254;190;191;257;1;2;0;23712;8;0;0;2256
1255;191;191;257;-5;0;0;23715;8;0;0;2256
1256;191;189;257;-11;-11;0;23718;8;0;0;2256
1257;190;190;257;-1;2;0;23721;8;0;0;2256
1258;191;190;257;4;6;0;23725;8;0;0;2256
1259;191;190;257;-1;-11;0;23728;8;0;0;2256
1260;191;189;257;13;3;0;23731;8;0;0;2256
1261;190;191;257;4;9;0;23735;8;0;0;2256
1262;190;190;257;0;2;0;23737;8;0;0;2256
1263;191;191;257;2;2;0;23741;8;0;0;2256
1264;191;190;257;-1;4;0;23745;8;0;0;2256
1265;191;190;257;1;-2;0;23747;8;0;0;2256
1266;191;190;257;-2;0;0;23750;8;0;0;2256
1267;191;190;257;1;-1;0;23754;8;0;0;2256
1268;192;189;257;-6;6;0;23757;8;0;0;2256
1269;189;190;257;5;1;0;23760;8;0;0;2256
1270;191;190;257;-1;-3;0;23763;8;0;0;2256
1271;191;189;257;4;6;0;23766;8;0;0;2256
1272;190;190;257;3;-5;0;23769;8;0;0;2256
1273;191;190;257;0;-1;0;23773;8;0;0;2256
1274;191;191;257;5;1;0;23776;8;0;0;2256
1275;190;190;257;1;-6;0;23779;8;0;0;2256
1276;189;190;257;5;-4;0;23782;8;0;0;2256
1277;190;190;257;10;4;0;23785;8;0;0;2256
1278;192;189;257;-10;1;0;23789;8;0;0;2256
1279;191;191;257;-8;2;0;23792;8;0;0;2256
1280;191;190;257;2;0;0;23795;8;0;0;2256
1281;190;191;257;15;0;0;23846;8;0;0;2256
1282;192;189;257;-1;-2;0;23849;8;0;0;2256
1283;190;190;257;-2;-4;0;23853;8;0;0;2256
1284;191;190;257;-4;-3;0;23856;8;0;0;2256
1285;191;190;257;4;7;0;23859;8;0;0;2256
1286;190;190;257;4;-4;0;23862;8;0;0;2256
1287;191;190;257;1;4;0;23866;8;0;0;2256
1288;190;190;257;1;1;0;23869;8;0;0;2256
1289;190;190;257;12;6;0;23872;8;0;0;2256
1290;190;190;257;6;7;0;23876;8;0;0;2256
1291;192;189;257;4;1;0;23878;8;0;0;2256
1292;190;190;257;-7;-1;0;23882;8;0;0;2256
1293;190;190;257;-2;-6;0;23885;8;0;0;2256
1294;190;190;257;-8;9;0;23888;8;0;0;2256
1295;190;189;257;3;0;0;23891;8;0;0;2256
1296;190;190;257;-3;-6;0;23895;8;0;0;2256
1297;191;189;257;1;1;0;23898;8;0;0;2256
1298;190;190;257;2;-14;0;23901;8;0;0;2256
1299;192;190;257;-4;4;0;23904;8;0;0;2256
1300;191;190;257;2;-8;0;23907;8;0;0;2256
1301;190;190;257;0;-15;0;23910;8;0;0;2256
1302;190;190;257;5;-6;0;23914;8;0;0;2256
1303;191;190;257;-3;-2;0;23917;8;0;0;2256
1304;191;189;257;-9;1;0;23920;8;0;0;2256
1305;191;190;257;9;-1;0;23923;8;0;0;2256
1306;191;190;257;-1;0;0;23926;8;0;0;2256
1307;190;189;257;-5;-2;0;23930;8;0;0;2256
1308;191;189;257;2;-8;0;23933;8;0;0;2256
1309;191;190;257;-3;0;0;23936;8;0;0;2256
1310;191;190;257;-6;6;0;23939;8;0;0;2256
1311;190;191;257;-3;2;0;23942;8;0;0;2256
1312;190;190;257;3;-5;0;23946;8;0;0;2256
1313;191;190;257;-5;-2;0;23949;8;0;0;2256
1314;191;190;257;6;2;0;23952;8;0;0;2256
1315;191;190;257;-8;-8;0;23956;8;0;0;2256
1316;190;189;257;6;1;0;23958;8;0;0;2256
1317;191;190;257;0;-5;0;23962;8;0;0;2256
1318;191;190;257;2;1;0;23965;8;0;0;2256
1319;191;189;257;-3;3;0;23968;8;0;0;2256
1320;190;190;257;-6;-1;0;23971;8;0;0;2256
1321;190;191;257;3;0;0;23975;8;0;0;2256
1322;191;190;257;6;-2;0;23978;8;0;0;2256
1323;190;190;257;-5;1;0;23981;8;0;0;2256
1324;190;190;257;12;0;0;23984;8;0;0;2256
1325;190;190;257;-5;7;0;23987;8;0;0;2256
1326;191;190;257;1;-8;0;23990;8;0;0;2256
1327;191;190;257;1;0;0;23994;8;0;0;2256
1328;192;189;257;4;8;0;23997;8;0;0;2256
1329;191;190;257;0;-4;0;24000;8;0;0;2256
1330;190;190;257;-5;4;0;24003;8;0;0;2256
1331;191;190;257;-1;-13;0;24007;8;0;0;2256
1332;191;189;257;-4;11;0;24010;8;0;0;2256
1333;191;190;257;-1;-2;0;24013;8;0;0;2256
1334;191;191;257;-8;6;0;24017;8;0;0;2256
1335;189;190;257;1;-8;0;24019;8;0;0;2256
1336;191;190;257;5;-5;0;24022;8;0;0;2256
1337;190;191;257;0;-1;0;24026;8;0;0;2256
1338;191;189;257;2;-3;0;24029;8;0;0;2256
1339;191;190;257;-6;-1;0;24032;8;0;0;2256
1340;191;190;257;2;2;0;24035;8;0;0;2256
1341;191;190;257;1;-2;0;24038;8;0;0;2256
1342;191;189;257;0;3;0;24042;8;0;0;2256
1343;190;190;257;1;-4;0;24045;8;0;0;2256
1344;191;189;257;-2;-6;0;24048;8;0;0;2256
1345;190;190;257;6;-9;0;24051;8;0;0;2256
1346;190;189;257;10;-5;0;24054;8;0;0;2256
1347;191;189;257;-2;-3;0;24058;8;0;0;2256
1348;190;191;257;1;-5;0;24061;8;0;0;2256
1349;191;189;257;-2;3;0;24064;8;0;0;2256
1350;190;190;257;0;-8;0;24068;8;0;0;2256
1351;190;189;257;8;1;0;24070;8;0;0;2256
1352;191;190;257;-1;3;0;24074;8;0;0;2256
1353;191;189;257;0;2;0;24078;8;0;0;2256
1354;192;190;257;10;-1;0;24080;8;0;0;2256
1355;190;190;257;-1;5;0;24083;8;0;0;2256
1356;190;191;257;0;1;0;24087;8;0;0;2256
1357;190;190;257;-7;-2;0;24090;8;0;0;2256
1358;191;190;257;-5;-3;0;24093;8;0;0;2256
1359;190;190;257;7;-2;0;24097;8;0;0;2256
1360;191;190;257;2;1;0;24099;8;0;0;2256
1361;191;190;257;-3;1;0;24102;8;0;0;2256
1362;191;190;257;8;-1;0;24106;8;0;0;2256
1363;192;190;257;-2;2;0;24109;8;0;0;2256
1364;191;190;257;-1;2;0;24112;8;0;0;2256
1365;190;191;257;-2;4;0;24115;8;0;0;2256
1366;191;190;257;-4;-3;0;24118;8;0;0;2256
1367;190;189;257;4;-5;0;24122;8;0;0;2256
1368;192;190;257;-3;2;0;24125;8;0;0;2256
1369;190;190;257;0;0;0;24128;8;0;0;2256
1370;190;190;257;-2;-1;0;24132;8;0;0;2256
1371;191;190;257;-3;-5;0;24135;8;0;0;2256
1372;190;190;257;0;-6;0;24139;8;0;0;2256
1373;191;190;257;1;1;0;24141;8;0;0;2256
1374;191;190;257;-8;-5;0;24144;8;0;0;2256
1375;190;190;257;5;2;0;24147;8;0;0;2256
1376;191;190;257;-1;7;0;24150;8;0;0;2256
1377;190;190;257;1;-4;0;24154;8;0;0;2256
1378;191;190;257;6;-1;0;24157;8;0;0;2256
1379;191;190;257;1;-2;0;24160;8;0;0;2256
1380;190;189;257;-1;2;0;24163;8;0;0;2256
1381;191;190;257;-1;3;0;24166;8;0;0;2256
1382;191;189;257;-12;4;0;24170;8;0;0;2256
1383;190;190;257;-5;-10;0;24173;8;0;0;2256
1384;191;191;257;2;-2;0;24176;8;0;0;2256
1385;191;191;257;-1;3;0;24179;8;0;0;2256
1386;191;190;257;-4;1;0;24182;8;0;0;2256
1387;190;190;257;2;-6;0;24186;8;0;0;2256
1388;191;189;257;-3;3;0;24189;8;0;0;2256
1389;190;189;257;2;-6;0;24192;8;0;0;2256
1390;191;191;257;-1;4;0;24195;8;0;0;2256
1391;191;190;257;7;8;0;24199;8;0;0;2256
1392;192;191;257;2;1;0;24202;8;0;0;2256
1393;191;191;257;-1;-4;0;24205;8;0;0;2256
1394;191;190;257;-6;-5;0;24208;8;0;0;2256
1395;190;190;257;-3;3;0;24211;8;0;0;2256
1396;190;190;257;5;9;0;24215;8;0;0;2256
1397;191;189;257;-5;-3;0;24219;8;0;0;2256
1398;190;189;257;1;0;0;24221;8;0;0;2256
1399;190;189;257;-4;-3;0;24224;8;0;0;2256
1400;190;190;257;-4;3;0;24227;8;0;0;2256
1401;190;189;257;-11;12;0;24230;8;0;0;2256
1402;191;189;257;4;-4;0;24234;8;0;0;2256
1403;190;190;257;0;-4;0;24237;8;0;0;2256
1404;192;190;257;8;-1;0;24240;8;0;0;2256
1405;191;189;257;0;-3;0;24243;8;0;0;2256
1406;191;191;257;-3;-2;0;24246;8;0;0;2256
1407;191;190;257;1;-3;0;24250;8;0;0;2256
1408;192;190;257;4;-1;0;24253;8;0;0;2256
1409;190;190;257;10;3;0;24301;0;0;0;2256
1410;191;189;257;9;11;0;24304;0;0;0;2256
1411;190;189;257;-6;7;0;24307;0;0;0;2256
1412;191;190;257;-2;-4;0;24311;0;0;0;2256
1413;191;190;257;0;-14;0;24314;0;0;0;2256
1414;191;189;257;2;16;0;24317;0;0;0;2256
1415;190;191;257;1;-3;0;24321;0;0;0;2256
1416;191;189;257;-3;-4;0;24323;0;0;0;2256
1417;191;191;257;5;-10;0;24326;0;0;0;2256
1418;191;191;257;-9;-2;0;24330;0;0;0;2256
1419;190;190;257;0;-2;0;24333;0;0;0;2256
1420;190;189;257;2;-4;0;24336;0;0;0;2256
1421;191;190;257;0;-3;0;24339;0;0;0;2256
1422;190;189;257;0;6;0;24342;0;0;0;2256
1423;191;190;257;1;5;0;24346;0;0;0;2256
1424;191;190;257;16;8;0;24349;0;0;0;2256
1425;190;190;257;2;-5;0;24352;0;0;0;2256
1426;191;190;257;7;0;0;24355;0;0;0;2256
1427;191;190;257;-1;-4;0;24358;0;0;0;2256
1428;190;189;257;5;2;0;24362;0;0;0;2256
1429;191;190;257;3;4;0;24365;0;0;0;2256
1430;191;190;257;-3;2;0;24368;0;0;0;2256
1431;191;189;257;1;3;0;24371;0;0;0;2256
1432;191;190;257;4;6;0;24374;0;0;0;2256
1433;190;190;257;4;0;0;24378;0;0;0;2256
1434;190;190;257;-2;-7;0;24381;0;0;0;2256
1435;190;190;257;0;8;0;24384;0;0;0;2256
1436;191;190;257;-5;3;0;24387;0;0;0;2256
1437;191;189;257;-6;1;0;24391;0;0;0;2256
1438;190;190;257;-1;1;0;24394;0;0;0;2256
1439;191;191;257;-7;2;0;24397;0;0;0;2256
1440;191;190;257;3;4;0;24401;0;0;0;2256
1441;191;189;257;-4;-7;0;24403;0;0;0;2256
1442;191;190;257;-4;-1;0;24406;0;0;0;2256
1443;192;190;257;0;1;0;24410;0;0;0;2256
1444;190;189;257;-4;-12;0;24413;0;0;0;2256
1445;191;190;257;-1;3;0;24417;0;0;0;2256
1446;190;190;257;-6;2;0;24420;0;0;0;2256
1447;191;190;257;3;-1;0;24422;0;0;0;2256
1448;191;191;257;7;2;0;24426;0;0;0;2256
1449;191;190;257;-3;3;0;24429;0;0;0;2256
1450;191;190;257;-7;3;0;24432;0;0;0;2256
1451;191;190;257;-6;-1;0;24435;0;0;0;2256
1452;191;190;257;3;3;0;24438;0;0;0;2256
1453;191;189;257;8;9;0;24442;0;0;0;2256
1454;190;189;257;5;10;0;24445;0;0;0;2256
1455;190;190;257;0;-5;0;24448;0;0;0;2256
1456;191;190;257;7;0;0;24451;0;0;0;2256
1457;191;190;257;0;6;0;24454;0;0;0;2256
1458;191;190;257;-6;1;0;24458;0;0;0;2256
1459;191;190;257;-4;-3;0;24461;0;0;0;2256
1460;191;191;257;-7;4;0;24464;0;0;0;2256
1461;191;189;257;-3;1;0;24467;0;0;0;2256
1462;190;190;257;0;-2;0;24470;0;0;0;2256
1463;191;190;257;11;-3;0;24474;0;0;0;2256
1464;191;189;257;-3;0;0;24478;0;0;0;2256
1465;190;189;257;-6;5;0;24481;0;0;0;2256
1466;190;190;257;-2;7;0;24483;0;0;0;2256
1467;192;189;257;-2;1;0;24486;0;0;0;2256
1468;191;190;257;0;-1;0;24490;0;0;0;2256
1469;191;190;257;6;-2;0;24493;0;0;0;2256
1470;191;189;257;2;2;0;24496;0;0;0;2256
1471;191;190;257;-6;8;0;24500;0;0;0;2256
1472;190;190;257;-2;-6;0;24502;0;0;0;2256
1473;191;190;257;-3;-3;0;24506;0;0;0;2256
1474;190;190;257;-2;-2;0;24509;0;0;0;2256
1475;190;190;257;-2;-1;0;24512;0;0;0;2256
1476;192;190;257;-1;-3;0;24515;0;0;0;2256
1477;190;190;257;1;-8;0;24518;0;0;0;2256
1478;191;190;257;-9;-7;0;24522;0;0;0;2256
1479;190;190;257;-8;-14;0;24525;0;0;0;2256
1480;191;190;257;-3;2;0;24528;0;0;0;2256
1481;190;190;257;-3;2;0;24532;0;0;0;2256
1482;191;189;257;2;2;0;24535;0;0;0;2256
1483;191;189;257;-7;0;0;24538;0;0;0;2256
1484;191;189;257;0;-5;0;24542;0;0;0;2256
1485;190;190;257;1;0;0;24544;0;0;0;2256
1486;191;190;257;-1;2;0;24547;0;0;0;2256
1487;190;190;257;-4;3;0;24551;0;0;0;2256
1488;190;190;257;1;8;0;24554;0;0;0;2256
1489;191;189;257;-1;-1;0;24557;0;0;0;2256
1490;190;190;257;4;0;0;24560;0;0;0;2256
1491;190;189;257;4;1;0;24563;0;0;0;2256
1492;191;190;257;5;-1;0;24566;0;0;0;2256
1493;191;189;257;6;-5;0;24570;0;0;0;2256
1494;191;190;257;2;-5;0;24573;0;0;0;2256
1495;191;190;257;-6;-2;0;24576;0;0;0;2256
1496;190;190;257;1;-9;0;24579;0;0;0;2256
1497;192;191;257;-3;-2;0;24583;0;0;0;2256
1498;191;190;257;1;-1;0;24586;0;0;0;2256
1499;191;190;257;1;-6;0;24589;0;0;0;2256
1500;190;190;257;5;-4;0;24593;0;0;0;2256
1501;190;190;257;-8;-6;0;24596;0;0;0;2256
1502;191;189;257;0;-3;0;24599;0;0;0;2256
1503;190;190;257;-3;-2;0;24602;0;0;0;2256
1504;191;190;257;-3;0;0;24605;0;0;0;2256
1505;191;190;257;-3;2;0;24608;0;0;0;2256
1506;191;190;257;7;-4;0;24612;0;0;0;2256
1507;191;190;257;-6;-8;0;24615;0;0;0;2256
1508;190;191;257;3;-6;0;24618;0;0;0;2256
1509;192;190;257;0;11;0;24622;0;0;0;2256
1510;191;190;257;0;7;0;24624;0;0;0;2256
1511;191;190;257;-3;-8;0;24627;0;0;0;2256
1512;190;190;257;-1;0;0;24631;0;0;0;2256
1513;191;190;257;9;-5;0;24634;0;0;0;2256
1514;191;190;257;-1;0;0;24637;0;0;0;2256
1515;190;189;257;8;-1;0;24640;0;0;0;2256
1516;191;190;257;-1;2;0;24643;0;0;0;2256
1517;191;190;257;-4;-3;0;24647;0;0;0;2256
1518;191;190;257;-2;-5;0;24650;0;0;0;2256
1519;191;189;257;1;-2;0;24653;0;0;0;2256
1520;190;189;257;4;3;0;24656;0;0;0;2256
1521;191;190;257;-3;8;0;24659;0;0;0;2256
1522;190;191;257;6;-7;0;24663;0;0;0;2256
1523;191;190;257;1;-4;0;24666;0;0;0;2256
1524;191;189;257;-2;1;0;24669;0;0;0;2256
1525;191;190;257;-3;3;0;24673;0;0;0;2256
1526;190;190;257;-6;11;0;24675;0;0;0;2256
1527;191;189;257;-7;1;0;24679;0;0;0;2256
1528;190;189;257;-3;-9;0;24682;0;0;0;2256
1529;190;189;257;5;0;0;24685;0;0;0;2256
1530;190;190;257;-3;1;0;24688;0;0;0;2256
1531;191;190;257;6;6;0;24692;0;0;0;2256
1532;190;189;257;4;1;0;24695;0;0;0;2256
1533;190;190;257;8;7;0;24698;0;0;0;2256
1534;190;190;257;0;3;0;24701;0;0;0;2256
1535;190;190;257;5;-3;0;24704;0;0;0;2256
1536;191;190;257;6;-1;0;24707;0;0;0;2256
1537;191;190;257;14;9;0;24759;0;0;0;2256
1538;190;189;257;1;-3;0;24762;0;0;0;2256
1539;191;190;257;-3;1;0;24766;0;0;0;2256
1540;191;189;257;-3;-8;0;24768;0;0;0;2256
1541;191;190;257;8;3;0;24771;0;0;0;2256
1542;191;190;257;1;1;0;24775;0;0;0;2256
1543;190;190;257;1;9;0;24778;0;0;0;2256
1544;190;190;257;2;-8;0;24781;0;0;0;2256
1545;190;190;257;1;-4;0;24785;0;0;0;2256
1546;190;190;257;4;-7;0;24787;0;0;0;2256
1547;192;190;257;-6;-1;0;24791;0;0;0;2256
1548;191;190;257;-2;-5;0;24795;0;0;0;2256
1549;190;190;257;4;-5;0;24797;0;0;0;2256
1550;190;190;257;-4;7;0;24800;0;0;0;2256
1551;191;189;257;0;0;0;24804;0;0;0;2256
1552;191;190;257;-4;1;0;24807;0;0;0;2256
1553;191;190;257;2;10;0;24810;0;0;0;2256
1554;191;190;257;-5;-9;0;24813;0;0;0;2256
1556;191;190;257;5;-6;0;24819;0;0;0;2256
1557;190;190;257;1;8;0;24823;0;0;0;2256
1558;192;189;257;-6;1;0;24826;0;0;0;2256
1559;190;190;257;2;4;0;24829;0;0;0;2256
1560;190;190;257;6;4;0;24832;0;0;0;2256
1561;191;190;257;-5;-4;0;24836;0;0;0;2256
1562;192;190;257;0;-6;0;24839;0;0;0;2256
1563;190;190;257;-3;-8;0;24842;0;0;0;2256
1564;190;189;257;-9;-2;0;24845;0;0;0;2256
1565;191;190;257;3;1;0;24848;0;0;0;2256
1566;190;189;257;-7;-2;0;24851;0;0;0;2256
1567;191;191;257;8;-8;0;24855;0;0;0;2256
1568;191;190;257;-1;11;0;24858;0;0;0;2256
1569;191;190;257;-1;-1;0;24861;0;0;0;2256
1570;191;189;257;-3;6;0;24865;0;0;0;2256
1571;191;190;257;3;-4;0;24867;0;0;0;2256
1572;191;190;257;-9;4;0;24871;0;0;0;2256
1573;190;189;257;1;-5;0;24875;0;0;0;2256
1574;190;190;257;-4;6;0;24877;0;0;0;2256
1575;191;190;257;2;9;0;24880;0;0;0;2256
1576;190;190;257;-1;-6;0;24884;0;0;0;2256
1577;191;190;257;-8;-2;0;24887;0;0;0;2256
1578;191;190;257;7;-1;0;24890;0;0;0;2256
1579;191;191;257;-1;3;0;24893;0;0;0;2256
1580;190;191;257;-4;-4;0;24896;0;0;0;2256
1581;191;190;257;-8;5;0;24899;0;0;0;2256
1582;190;189;257;-1;-2;0;24903;0;0;0;2256
1583;191;190;257;4;-2;0;24906;0;0;0;2256
1584;192;190;257;-1;-7;0;24909;0;0;0;2256
1585;191;189;257;1;-1;0;24912;0;0;0;2256
1586;190;191;257;7;5;0;24916;0;0;0;2256
1587;190;189;257;3;-8;0;24919;0;0;0;2256
1588;190;189;257;8;-3;0;24922;0;0;0;2256
1589;190;190;257;-1;2;0;24926;0;0;0;2256
1590;191;190;257;-2;-12;0;24928;0;0;0;2256
1591;191;190;257;-2;2;0;24931;0;0;0;2256
1592;190;190;257;0;6;0;24935;0;0;0;2256
1593;191;189;257;-15;5;0;24938;0;0;0;2256
1594;191;190;257;1;-5;0;24941;0;0;0;2256
1595;191;190;257;-8;-1;0;24944;0;0;0;2256
1596;191;190;257;3;1;0;24947;0;0;0;2256
1597;191;190;257;4;-4;0;24951;0;0;0;2256
1598;190;189;257;-2;14;0;24954;0;0;0;2256
1599;191;190;257;-1;1;0;24957;0;0;0;2256
1600;191;190;257;-1;-4;0;24960;0;0;0;2256
1601;191;190;257;-1;3;0;24963;0;0;0;2256
1602;190;190;257;1;-5;0;24967;0;0;0;2256
1603;190;190;257;-1;9;0;24970;0;0;0;2256
1604;191;190;257;-5;0;0;24973;0;0;0;2256
1605;191;189;257;-1;-4;0;24977;0;0;0;2256
1606;191;190;257;12;7;0;24979;0;0;0;2256
1607;192;190;257;-1;-4;0;24983;0;0;0;2256
1608;189;190;257;3;-4;0;24987;0;0;0;2256
1609;190;190;257;6;-11;0;24989;0;0;0;2256
1610;190;191;257;-1;6;0;24992;0;0;0;2256
1611;190;189;257;-3;-4;0;24996;0;0;0;2256
1612;191;190;257;2;-2;0;24999;0;0;0;2256
1613;191;190;257;-5;-5;0;25002;0;0;0;2256
1614;191;191;257;0;-8;0;25005;0;0;0;2256
1615;190;190;257;5;-4;0;25008;0;0;0;2256
1616;190;189;257;5;-7;0;25011;0;0;0;2256
1617;192;190;257;-1;5;0;25015;0;0;0;2256
1618;192;189;257;-4;7;0;25018;0;0;0;2256
1619;190;190;257;-1;-9;0;25021;0;0;0;2256
1620;190;190;257;-10;-2;0;25024;0;0;0;2256
1621;190;190;257;-3;-1;0;25028;0;0;0;2256
1622;190;190;257;3;2;0;25031;0;0;0;2256
1623;190;190;257;-2;7;0;25034;0;0;0;2256
1624;190;191;257;-6;3;0;25038;0;0;0;2256
1625;191;189;257;-3;-2;0;25040;0;0;0;2256
1626;191;190;257;-2;0;0;25043;0;0;0;2256
1627;191;189;257;8;-4;0;25047;0;0;0;2256
1628;191;190;257;-3;-5;0;25050;0;0;0;2256
1629;191;189;257;-4;-2;0;25053;0;0;0;2256
1630;191;190;257;1;1;0;25056;0;0;0;2256
1631;190;190;257;1;6;0;25059;0;0;0;2256
1632;190;190;257;0;6;0;25063;0;0;0;2256
1633;191;190;257;-10;-3;0;25066;0;0;0;2256
1634;190;191;257;-7;-3;0;25069;0;0;0;2256
1635;192;190;257;1;2;0;25072;0;0;0;2256
1636;191;189;257;0;8;0;25075;0;0;0;2256
1637;191;190;257;-7;6;0;25079;0;0;0;2256
1638;190;190;257;-1;-1;0;25082;0;0;0;2256
1639;191;190;257;0;-3;0;25085;0;0;0;2256
1640;190;190;257;-1;-1;0;25089;0;0;0;2256
1641;190;189;257;-2;-6;0;25091;0;0;0;2256
1642;191;190;257;7;3;0;25095;0;0;0;2256
1643;191;189;257;-2;7;0;25099;0;0;0;2256
1644;190;191;257;-3;1;0;25101;0;0;0;2256
1645;191;189;257;4;-5;0;25104;0;0;0;2256
1646;192;190;257;-12;-5;0;25108;0;0;0;2256
1647;190;190;257;-4;4;0;25111;0;0;0;2256
1648;191;190;257;1;5;0;25114;0;0;0;2256
1649;191;189;257;3;2;0;25117;0;0;0;2256
1650;190;191;257;1;6;0;25120;0;0;0;2256
1651;191;190;257;-4;1;0;25123;0;0;0;2256
1652;190;190;257;-3;0;0;25127;0;0;0;2256
1653;190;189;257;7;-3;0;25130;0;0;0;2256
1654;191;190;257;-2;10;0;25133;0;0;0;2256
1655;191;190;257;3;3;0;25136;0;0;0;2256
1656;192;189;257;-2;2;0;25140;0;0;0;2256
1657;190;190;257;-1;-2;0;25143;0;0;0;2256
1658;191;190;257;7;6;0;25146;0;0;0;2256
1659;190;190;257;-3;-2;0;25150;0;0;0;2256
1660;192;190;257;1;-6;0;25152;0;0;0;2256
1661;190;189;257;-2;-10;0;25155;0;0;0;2256
1662;191;190;257;-4;-1;0;25159;0;0;0;2256
1663;191;191;257;0;3;0;25162;0;0;0;2256
1664;190;190;257;-3;-4;0;25165;0;0;0;2256
1665;191;190;257;15;11;0;25213;0;0;0;2256
1666;191;189;257;0;7;0;25216;0;0;0;2256
1667;191;190;257;5;3;0;25220;0;0;0;2256
1668;191;189;257;9;8;0;25223;0;0;0;2256
1669;191;190;257;-1;-6;0;25226;0;0;0;2256
1670;191;189;257;-11;-15;0;25229;0;0;0;2256
1671;192;190;257;-4;-1;0;25232;0;0;0;2256
1672;191;189;257;-3;0;0;25235;0;0;0;2256
1673;190;189;257;6;4;0;25239;0;0;0;2256
1674;191;190;257;3;3;0;25242;0;0;0;2256
1675;191;190;257;-7;8;0;25245;0;0;0;2256
1676;190;190;257;-7;1;0;25248;0;0;0;2256
1677;191;191;257;-2;-2;0;25251;0;0;0;2256
1678;191;189;257;-7;1;0;25255;0;0;0;2256
1679;191;190;257;-6;-6;0;25258;0;0;0;2256
1680;191;190;257;3;-4;0;25262;0;0;0;2256
1681;191;191;257;-8;3;0;25265;0;0;0;2256
1682;191;190;257;-13;0;0;25268;0;0;0;2256
1683;191;190;257;6;8;0;25272;0;0;0;2256
1684;191;189;257;-4;-1;0;25274;0;0;0;2256
1685;190;191;257;-6;-4;0;25277;0;0;0;2256
1686;191;190;257;-6;-6;0;25281;0;0;0;2256
1687;190;190;257;-7;3;0;25283;0;0;0;2256
1688;191;191;257;9;0;0;25287;0;0;0;2256
1689;190;190;257;4;2;0;25290;0;0;0;2256
1690;191;190;257;-6;10;0;25293;0;0;0;2256
1691;191;190;257;-11;0;0;25296;0;0;0;2256
1692;190;190;257;5;-1;0;25299;0;0;0;2256
1693;191;190;257;-2;0;0;25303;0;0;0;2256
1694;191;190;257;0;1;0;25306;0;0;0;2256
1695;190;190;257;-5;0;0;25309;0;0;0;2256
1696;192;190;257;-13;1;0;25312;0;0;0;2256
1697;190;190;257;0;3;0;25316;0;0;0;2256
1698;191;190;257;-5;-7;0;25319;0;0;0;2256
1699;191;190;257;8;-10;0;25322;0;0;0;2256
1700;192;190;257;-6;5;0;25326;0;0;0;2256
1701;191;190;257;-1;-3;0;25329;0;0;0;2256
1702;190;190;257;5;0;0;25333;0;0;0;2256
1703;191;189;257;-2;-2;0;25335;0;0;0;2256
1704;190;190;257;-2;-6;0;25338;0;0;0;2256
1705;191;190;257;-2;5;0;25341;0;0;0;2256
1706;190;189;257;6;0;0;25344;0;0;0;2256
1707;191;191;257;0;-9;0;25348;0;0;0;2256
1708;191;190;257;-6;-4;0;25351;0;0;0;2256
1709;191;190;257;-4;14;0;25354;0;0;0;2256
1710;192;190;257;-8;-1;0;25357;0;0;0;2256
1711;190;190;257;-4;4;0;25360;0;0;0;2256
1712;192;190;257;-2;-2;0;25364;0;0;0;2256
1713;190;190;257;6;9;0;25367;0;0;0;2256
1714;190;189;257;-2;3;0;25370;0;0;0;2256
1715;191;190;257;4;2;0;25373;0;0;0;2256
1716;191;190;257;5;2;0;25376;0;0;0;2256
1717;191;190;257;0;-2;0;25380;0;0;0;2256
1718;191;190;257;5;-4;0;25383;0;0;0;2256
1719;192;190;257;-5;4;0;25387;0;0;0;2256
1720;190;191;257;4;-1;0;25390;0;0;0;2256
1721;190;189;257;8;-8;0;25393;0;0;0;2256
1722;191;191;257;4;-13;0;25396;0;0;0;2256
1723;190;189;257;0;-1;0;25399;0;0;0;2256
1724;190;190;257;-4;0;0;25403;0;0;0;2256
1725;191;190;257;-1;-2;0;25405;0;0;0;2256
1726;191;190;257;-4;-3;0;25408;0;0;0;2256
1727;190;189;257;0;-1;0;25412;0;0;0;2256
1728;190;190;257;-3;-2;0;25415;0;0;0;2256
1729;191;190;257;1;1;0;25418;0;0;0;2256
1730;191;190;257;0;2;0;25421;0;0;0;2256
1731;191;191;257;9;2;0;25424;0;0;0;2256
1732;192;189;257;-3;-4;0;25428;0;0;0;2256
1733;190;190;257;5;-9;0;25431;0;0;0;2256
1734;191;190;257;0;2;0;25434;0;0;0;2256
1735;191;190;257;-5;1;0;25437;0;0;0;2256
1736;191;190;257;0;3;0;25440;0;0;0;2256
1737;191;190;257;5;2;0;25444;0;0;0;2256
1738;190;190;257;1;-4;0;25447;0;0;0;2256
1739;190;191;257;4;15;0;25450;0;0;0;2256
1740;191;190;257;-1;4;0;25454;0;0;0;2256
1741;191;190;257;6;3;0;25456;0;0;0;2256
1742;191;190;257;4;-8;0;25460;0;0;0;2256
1743;190;189;257;1;-7;0;25463;0;0;0;2256
1744;190;191;257;-3;8;0;25466;0;0;0;2256
1745;191;190;257;-13;-2;0;25469;0;0;0;2256
1746;190;191;257;11;-7;0;25473;0;0;0;2256
1747;189;190;257;12;-5;0;25476;0;0;0;2256
1748;191;190;257;-14;-9;0;25479;0;0;0;2256
1749;191;190;257;3;1;0;25482;0;0;0;2256
1750;191;191;257;-2;-6;0;25485;0;0;0;2256
1751;192;190;257;-3;-7;0;25488;0;0;0;2256
1752;191;190;257;4;2;0;25492;0;0;0;2256
1753;191;190;257;14;-4;0;25495;0;0;0;2256
1754;191;190;257;1;-4;0;25498;0;0;0;2256
1755;191;189;257;-1;3;0;25501;0;0;0;2256
1756;191;190;257;-4;0;0;25505;0;0;0;2256
1757;190;189;257;9;-3;0;25508;0;0;0;2256
1758;190;190;257;6;2;0;25511;0;0;0;2256
1759;191;190;257;-3;-3;0;25515;0;0;0;2256
1760;190;190;257;-2;-5;0;25517;0;0;0;2256
1761;190;189;257;-2;-3;0;25520;0;0;0;2256
1762;191;190;257;-6;-5;0;25524;0;0;0;2256
1763;190;191;257;9;2;0;25527;0;0;0;2256
1764;191;190;257;5;0;0;25530;0;0;0;2256
1765;191;189;257;-3;13;0;25534;0;0;0;2256
1766;190;189;257;1;-7;0;25536;0;0;0;2256
1767;190;190;257;-4;1;0;25540;0;0;0;2256
1768;191;190;257;-2;-1;0;25544;0;0;0;2256
1769;191;189;257;9;6;0;25546;0;0;0;2256
1770;191;189;257;3;3;0;25549;0;0;0;2256
1771;190;190;257;10;0;0;25553;0;0;0;2256
1772;191;190;257;0;9;0;25556;0;0;0;2256
1773;191;190;257;6;2;0;25559;0;0;0;2256
1774;191;190;257;0;-3;0;25562;0;0;0;2256
1775;190;189;257;-1;-1;0;25565;0;0;0;2256
1776;191;190;257;10;6;0;25568;0;0;0;2256
1777;191;190;257;1;2;0;25572;0;0;0;2256
1778;190;190;257;8;4;0;25575;0;0;0;2256
1779;191;190;257;-8;-1;0;25578;0;0;0;2256
1780;192;190;257;-4;1;0;25581;0;0;0;2256
1781;191;190;257;4;6;0;25585;0;0;0;2256
1782;191;191;257;-6;-5;0;25588;0;0;0;2256
1783;191;189;257;-7;-5;0;25591;0;0;0;2256
1784;191;190;257;1;7;0;25595;0;0;0;2256
1785;191;191;257;0;-4;0;25597;0;0;0;2256
1786;191;189;257;6;1;0;25600;0;0;0;2256
1787;192;189;257;-5;5;0;25604;0;0;0;2256
1788;191;191;257;3;-3;0;25607;0;0;0;2256
1789;190;190;257;-10;5;0;25610;0;0;0;2256
1790;190;190;257;2;-1;0;25613;0;0;0;2256
1791;190;190;257;1;-6;0;25616;0;0;0;2256
1792;190;190;257;-1;0;0;25620;0;0;0;2256
1793;191;191;257;9;-4;0;25671;0;0;0;2256
1794;192;190;257;-2;3;0;25674;0;0;0;2256
1795;191;190;257;2;3;0;25677;0;0;0;2256
1796;191;190;257;-3;-1;0;25680;0;0;0;2256
1797;191;190;257;-9;-2;0;25684;0;0;0;2256
1798;191;190;257;9;-3;0;25687;0;0;0;2256
1799;190;190;257;-1;-6;0;25690;0;0;0;2256
1800;191;190;257;5;-1;0;25693;0;0;0;2256
1801;191;190;257;9;3;0;25697;0;0;0;2256
1802;191;190;257;-1;0;0;25700;0;0;0;2256
1803;190;189;257;0;-2;0;25703;0;0;0;2256
1804;190;190;257;-1;-3;0;25707;0;0;0;2256
1805;191;191;257;4;2;0;25709;0;0;0;2256
1806;191;189;257;7;-1;0;25712;0;0;0;2256
1807;191;190;257;-3;4;0;25716;0;0;0;2256
1808;191;189;257;3;2;0;25719;0;0;0;2256
1809;191;189;257;2;-1;0;25722;0;0;0;2256
1810;191;190;257;-7;0;0;25725;0;0;0;2256
1811;191;190;257;-2;2;0;25728;0;0;0;2256
1812;191;191;257;3;-1;0;25732;0;0;0;2256
1813;190;190;257;-3;0;0;25735;0;0;0;2256
1814;191;190;257;-14;-5;0;25738;0;0;0;2256
1815;191;190;257;-1;-4;0;25741;0;0;0;2256
1816;191;190;257;2;2;0;25744;0;0;0;2256
1817;191;190;257;1;-4;0;25748;0;0;0;2256
1818;190;190;257;9;-5;0;25751;0;0;0;2256
1819;191;189;257;0;1;0;25754;0;0;0;2256
1820;192;190;257;0;-5;0;25758;0;0;0;2256
1821;190;190;257;8;-2;0;25760;0;0;0;2256
1822;192;191;257;1;3;0;25764;0;0;0;2256
1823;191;190;257;7;9;0;25768;0;0;0;2256
1824;190;190;257;4;-4;0;25770;0;0;0;2256
1825;190;190;257;2;6;0;25773;0;0;0;2256
1826;191;190;257;1;-1;0;25777;0;0;0;2256
1827;189;191;257;11;-11;0;25780;0;0;0;2256
1828;190;190;257;3;-3;0;25783;0;0;0;2256
1829;191;189;257;1;2;0;25786;0;0;0;2256
1830;191;190;257;4;-4;0;25789;0;0;0;2256
1831;190;190;257;4;-10;0;25792;0;0;0;2256
1832;190;190;257;4;2;0;25796;0;0;0;2256
1833;190;190;257;-3;-5;0;25799;0;0;0;2256
1834;191;190;257;-3;3;0;25802;0;0;0;2256
1835;190;189;257;1;5;0;25805;0;0;0;2256
1836;191;189;257;-2;-2;0;25809;0;0;0;2256
1837;191;190;257;9;-5;0;25812;0;0;0;2256
1838;191;190;257;5;-7;0;25815;0;0;0;2256
1839;191;190;257;-1;0;0;25819;0;0;0;2256
1840;191;190;257;1;-1;0;25821;0;0;0;2256
1841;191;190;257;-2;-1;0;25824;0;0;0;2256
1842;191;191;257;1;-5;0;25828;0;0;0;2256
1843;192;190;257;-6;2;0;25831;0;0;0;2256
1844;191;191;257;2;-2;0;25834;0;0;0;2256
1845;191;190;257;-1;0;0;25837;0;0;0;2256
1846;191;189;257;7;-2;0;25840;0;0;0;2256
1847;191;189;257;10;-6;0;25844;0;0;0;2256
1848;191;190;257;-5;2;0;25847;0;0;0;2256
1849;190;190;257;-2;2;0;25850;0;0;0;2256
1850;191;190;257;-10;-7;0;25853;0;0;0;2256
1851;191;191;257;-8;-3;0;25856;0;0;0;2256
1852;191;191;257;-1;-1;0;25860;0;0;0;2256
1853;191;189;257;-2;-1;0;25863;0;0;0;2256
1854;190;190;257;-5;-13;0;25866;0;0;0;2256
1855;191;190;257;-8;8;0;25870;0;0;0;2256
1856;190;190;257;-2;-4;0;25873;0;0;0;2256
1857;191;191;257;4;-4;0;25876;0;0;0;2256
1858;190;190;257;11;-3;0;25879;0;0;0;2256
1859;190;190;257;7;-1;0;25882;0;0;0;2256
1860;191;190;257;4;0;0;25885;0;0;0;2256
1861;191;190;257;-7;4;0;25889;0;0;0;2256
1862;190;190;257;-1;-2;0;25892;0;0;0;2256
1863;192;189;257;-1;5;0;25895;0;0;0;2256
1864;191;190;257;2;-7;0;25899;0;0;0;2256
1865;191;190;257;-7;0;0;25901;0;0;0;2256
1866;192;190;257;-9;7;0;25904;0;0;0;2256
1867;191;190;257;5;-2;0;25908;0;0;0;2256
1868;191;190;257;1;5;0;25911;0;0;0;2256
1869;191;189;257;3;-7;0;25914;0;0;0;2256
1870;191;190;257;4;7;0;25918;0;0;0;2256
1871;190;190;257;-6;3;0;25920;0;0;0;2256
1872;190;190;257;4;-5;0;25924;0;0;0;2256
1873;191;190;257;-1;3;0;25927;0;0;0;2256
1874;190;191;257;-7;1;0;25930;0;0;0;2256
1875;191;190;257;3;-8;0;25933;0;0;0;2256
1876;190;189;257;-6;-3;0;25936;0;0;0;2256
1877;190;190;257;-4;-3;0;25940;0;0;0;2256
1878;191;190;257;-6;1;0;25943;0;0;0;2256
1879;192;190;257;1;-4;0;25946;0;0;0;2256
1880;191;189;257;4;1;0;25950;0;0;0;2256
1881;190;191;257;11;-5;0;25952;0;0;0;2256
1882;191;189;257;-1;4;0;25956;0;0;0;2256
1883;191;189;257;-4;7;0;25960;0;0;0;2256
1884;190;190;257;-2;-4;0;25962;0;0;0;2256
1885;191;189;257;-9;3;0;25965;0;0;0;2256
1886;191;190;257;8;-1;0;25969;0;0;0;2256
1887;191;189;257;3;4;0;25972;0;0;0;2256
1888;190;190;257;-2;-1;0;25975;0;0;0;2256
1889;191;190;257;0;-3;0;25978;0;0;0;2256
1890;191;190;257;5;2;0;25981;0;0;0;2256
1891;191;190;257;8;15;0;25984;0;0;0;2256
1892;190;191;257;0;1;0;25988;0;0;0;2256
1893;190;190;257;0;-1;0;25991;0;0;0;2256
1894;191;189;257;-5;-3;0;25994;0;0;0;2256
1895;190;189;257;3;-9;0;25997;0;0;0;2256
1896;190;190;257;9;0;0;26001;0;0;0;2256
1897;191;190;257;-5;-2;0;26004;0;0;0;2256
1898;191;190;257;6;-1;0;26007;0;0;0;2256
1899;191;189;257;-4;4;0;26010;0;0;0;2256
1900;190;189;257;6;0;0;26013;0;0;0;2256
1901;191;190;257;5;-4;0;26016;0;0;0;2256
1902;191;189;257;3;11;0;26020;0;0;0;2256
1903;191;191;257;-2;3;0;26023;0;0;0;2256
1904;191;190;257;2;4;0;26026;0;0;0;2256
1905;191;189;257;1;1;0;26030;0;0;0;2256
1906;190;190;257;-5;-5;0;26033;0;0;0;2256
1907;191;191;257;-6;-12;0;26036;0;0;0;2256
1908;191;189;257;1;-1;0;26040;0;0;0;2256
1909;190;190;257;-1;5;0;26042;0;0;0;2256
1910;191;190;257;3;5;0;26045;0;0;0;2256
1911;191;190;257;0;10;0;26049;0;0;0;2256
1912;191;191;257;2;-9;0;26052;0;0;0;2256
1913;192;190;257;-3;0;0;26055;0;0;0;2256
1914;190;190;257;2;1;0;26059;0;0;0;2256
1915;191;189;257;3;-20;0;26061;0;0;0;2256
1916;191;189;257;-1;8;0;26065;0;0;0;2256
1917;190;191;257;-2;3;0;26068;0;0;0;2256
1918;191;190;257;-1;-5;0;26071;0;0;0;2256
1919;190;189;257;10;12;0;26074;0;0;0;2256
1920;190;190;257;2;3;0;26077;0;0;0;2256
1921;191;190;257;6;12;0;26177;0;0;0;2256
1922;191;191;257;0;1;0;26180;0;0;0;2256
1923;191;189;257;-5;3;0;26183;0;0;0;2256
1924;191;189;257;1;8;0;26186;0;0;0;2256
1925;191;190;257;1;1;0;26189;0;0;0;2256
1926;190;190;257;-5;-2;0;26193;0;0;0;2256
1927;191;190;257;-5;-4;0;26196;0;0;0;2256
1928;190;190;257;0;-2;0;26199;0;0;0;2256
1929;191;189;257;3;1;0;26202;0;0;0;2256
1930;190;190;257;4;-1;0;26205;0;0;0;2256
1931;191;190;257;-5;-8;0;26209;0;0;0;2256
1932;190;190;257;3;7;0;26212;0;0;0;2256
1933;191;190;257;0;4;0;26215;0;0;0;2256
1934;190;191;257;-1;10;0;26218;0;0;0;2256
1935;191;190;257;2;6;0;26222;0;0;0;2256
1936;191;190;257;1;-2;0;26225;0;0;0;2256
1937;190;190;257;0;4;0;26228;0;0;0;2256
1938;190;189;257;2;-6;0;26231;0;0;0;2256
1939;190;190;257;2;4;0;26234;0;0;0;2256
1940;191;190;257;4;-2;0;26238;0;0;0;2256
1941;190;190;257;4;-5;0;26242;0;0;0;2256
1942;190;190;257;0;2;0;26244;0;0;0;2256
1943;191;191;257;-4;-6;0;26247;0;0;0;2256
1944;190;190;257;6;-6;0;26250;0;0;0;2256
1945;190;190;257;2;-5;0;26253;0;0;0;2256
1946;190;190;257;-12;2;0;26257;0;0;0;2256
1947;190;191;257;6;1;0;26260;0;0;0;2256
1948;191;190;257;0;0;0;26263;0;0;0;2256
1949;191;190;257;6;1;0;26266;0;0;0;2256
1950;190;190;257;7;-1;0;26269;0;0;0;2256
1951;191;190;257;8;4;0;26273;0;0;0;2256
1952;191;190;257;4;10;0;26276;0;0;0;2256
1953;190;190;257;-2;0;0;26279;0;0;0;2256
1954;191;190;257;-2;2;0;26283;0;0;0;2256
1955;190;190;257;9;-9;0;26285;0;0;0;2256
1956;191;191;257;-2;4;0;26289;0;0;0;2256
1957;190;189;257;0;9;0;26292;0;0;0;2256
1958;190;189;257;9;-1;0;26295;0;0;0;2256
1959;189;191;257;-4;-7;0;26298;0;0;0;2256
1960;191;190;257;3;-1;0;26302;0;0;0;2256
1961;191;190;257;-7;-3;0;26305;0;0;0;2256
1962;191;189;257;1;-1;0;26308;0;0;0;2256
1963;191;189;257;-1;0;0;26311;0;0;0;2256
1964;191;190;257;11;-2;0;26314;0;0;0;2256
1965;191;190;257;3;6;0;26317;0;0;0;2256
1966;191;190;257;-1;-3;0;26321;0;0;0;2256
1967;191;190;257;2;-4;0;26324;0;0;0;2256
1968;191;190;257;0;-1;0;26327;0;0;0;2256
1969;191;191;257;-7;-7;0;26330;0;0;0;2256
1970;191;191;257;2;8;0;26334;0;0;0;2256
1971;190;190;257;-5;-6;0;26337;0;0;0;2256
1972;191;190;257;-3;7;0;26340;0;0;0;2256
1973;191;190;257;-2;4;0;26344;0;0;0;2256
1974;190;190;257;8;-2;0;26346;0;0;0;2256
1975;190;189;257;-1;4;0;26349;0;0;0;2256
1976;191;190;257;-12;-3;0;26353;0;0;0;2256
1977;190;190;257;-6;-3;0;26356;0;0;0;2256
1978;191;190;257;-4;3;0;26359;0;0;0;2256
1979;191;190;257;3;5;0;26362;0;0;0;2256
1980;191;190;257;8;-2;0;26365;0;0;0;2256
1981;191;190;257;-7;0;0;26369;0;0;0;2256
1982;191;190;257;-1;2;0;26372;0;0;0;2256
1983;191;190;257;-8;1;0;26375;0;0;0;2256
1984;191;190;257;4;5;0;26378;0;0;0;2256
1985;191;190;257;-5;-3;0;26381;0;0;0;2256
1986;191;191;257;8;-2;0;26385;0;0;0;2256
1987;191;190;257;-6;-4;0;26388;0;0;0;2256
1988;190;190;257;5;-1;0;26391;0;0;0;2256
1989;191;189;257;-4;5;0;26395;0;0;0;2256
1990;191;190;257;0;3;0;26397;0;0;0;2256
1991;190;190;257;-4;1;0;26401;0;0;0;2256
1992;191;189;257;9;5;0;26405;0;0;0;2256
1993;192;190;257;0;6;0;26407;0;0;0;2256
1994;190;191;257;9;-9;0;26410;0;0;0;2256
1995;190;190;257;12;6;0;26414;0;0;0;2256
1996;192;191;257;-4;-5;0;26417;0;0;0;2256
1997;190;190;257;4;2;0;26421;0;0;0;2256
1998;190;189;257;2;4;0;26423;0;0;0;2256
1999;191;190;257;1;-8;0;26426;0;0;0;2256
2000;191;190;257;6;0;0;26429;0;0;0;2256
2001;191;190;257;5;-6;0;26433;0;0;0;2256
2002;190;190;257;7;2;0;26436;0;0;0;2256
2003;190;190;257;2;-5;0;26439;0;0;0;2256
2004;190;190;257;1;-8;0;26442;0;0;0;2256
2005;191;189;257;-10;2;0;26446;0;0;0;2256
2006;192;190;257;-8;0;0;26449;0;0;0;2256
2007;191;190;257;0;2;0;26452;0;0;0;2256
2008;191;189;257;0;-4;0;26456;0;0;0;2256
2009;190;191;257;17;-10;0;26458;0;0;0;2256
2010;191;190;257;-8;1;0;26461;0;0;0;2256
2011;191;190;257;4;-2;0;26465;0;0;0;2256
2012;190;190;257;3;5;0;26468;0;0;0;2256
2013;190;190;257;2;-6;0;26471;0;0;0;2256
2014;191;190;257;0;-1;0;26474;0;0;0;2256
2015;191;190;257;-1;2;0;26478;0;0;0;2256
2016;191;190;257;-4;-2;0;26481;0;0;0;2256
2017;192;190;257;4;11;0;26484;0;0;0;2256
2018;191;190;257;-7;-4;0;26487;0;0;0;2256
2019;191;190;257;-5;-8;0;26490;0;0;0;2256
2020;191;190;257;4;3;0;26493;0;0;0;2256
2021;191;190;257;4;11;0;26497;0;0;0;2256
2022;190;191;257;-5;-5;0;26500;0;0;0;2256
2023;191;189;257;6;4;0;26503;0;0;0;2256
2024;191;190;257;3;-4;0;26507;0;0;0;2256
2025;191;190;257;0;5;0;26509;0;0;0;2256
2026;191;190;257;-3;7;0;26513;0;0;0;2256
2027;191;190;257;-3;0;0;26517;0;0;0;2256
2028;191;190;257;3;-5;0;26519;0;0;0;2256
2029;191;189;257;5;2;0;26522;0;0;0;2256
2030;190;190;257;-8;10;0;26526;0;0;0;2256
2031;190;190;257;-2;5;0;26529;0;0;0;2256
2032;192;190;257;3;2;0;26532;0;0;0;2256
2033;190;191;257;4;-4;0;26535;0;0;0;2256
2034;191;189;257;3;8;0;26539;0;0;0;2256
2035;190;190;257;0;-5;0;26542;0;0;0;2256
2036;190;190;257;4;-8;0;26545;0;0;0;2256
2037;191;189;257;4;-2;0;26548;0;0;0;2256
2038;191;190;257;-1;0;0;26551;0;0;0;2256
2039;190;190;257;1;-1;0;26554;0;0;0;2256
2040;191;189;257;-2;2;0;26558;0;0;0;2256
2041;190;189;257;-2;-20;0;26561;0;0;0;2256
2042;191;190;257;-2;5;0;26564;0;0;0;2256
2043;190;190;257;-3;-1;0;26568;0;0;0;2256
2044;191;189;257;-4;2;0;26570;0;0;0;2256
2045;192;190;257;0;-6;0;26573;0;0;0;2256
2046;191;190;257;0;0;0;26577;0;0;0;2256
2047;191;189;257;7;3;0;26580;0;0;0;2256
2048;190;190;257;0;-1;0;26583;0;0;0;2256
2049;190;191;257;10;9;0;26634;0;0;0;2256
2050;191;189;257;2;-7;0;26638;0;0;0;2256
2051;191;190;257;6;8;0;26641;0;0;0;2256
2052;191;190;257;1;0;0;26644;0;0;0;2256
2053;191;191;257;-5;-5;0;26647;0;0;0;2256
2054;191;190;257;2;-3;0;26650;0;0;0;2256
2055;191;190;257;3;-8;0;26653;0;0;0;2256
2056;190;190;257;2;4;0;26657;0;0;0;2256
2057;192;189;257;0;0;0;26660;0;0;0;2256
2058;190;190;257;5;1;0;26663;0;0;0;2256
2059;192;191;257;-6;11;0;26666;0;0;0;2256
2060;192;190;257;-6;-4;0;26670;0;0;0;2256
2061;191;191;257;2;-8;0;26673;0;0;0;2256
2062;191;190;257;2;-4;0;26676;0;0;0;2256
2063;191;190;257;0;-7;0;26679;0;0;0;2256
2064;191;189;257;4;2;0;26682;0;0;0;2256
2065;191;189;257;0;1;0;26685;0;0;0;2256
2066;190;189;257;0;7;0;26689;0;0;0;2256
2067;192;189;257;-6;4;0;26692;0;0;0;2256
2068;191;190;257;1;-2;0;26695;0;0;0;2256
2069;191;189;257;2;2;0;26699;0;0;0;2256
2070;191;190;257;5;3;0;26701;0;0;0;2256
2071;191;190;257;1;-2;0;26705;0;0;0;2256
2072;191;191;257;-6;-1;0;26709;0;0;0;2256
2073;191;189;257;7;3;0;26711;0;0;0;2256
2074;190;190;257;-5;-5;0;26714;0;0;0;2256
2075;190;189;257;11;-8;0;26718;0;0;0;2256
2076;192;190;257;4;6;0;26721;0;0;0;2256
2077;190;189;257;7;2;0;26724;0;0;0;2256
2078;190;190;257;3;7;0;26728;0;0;0;2256
2079;191;190;257;7;-2;0;26730;0;0;0;2256
2080;190;190;257;1;-4;0;26733;0;0;0;2256
2081;190;190;257;-7;-8;0;26737;0;0;0;2256
2082;190;190;257;-3;-2;0;26740;0;0;0;2256
2083;192;189;257;2;1;0;26743;0;0;0;2256
2084;191;190;257;4;4;0;26746;0;0;0;2256
2085;191;189;257;8;1;0;26750;0;0;0;2256
2086;191;190;257;2;-4;0;26753;0;0;0;2256
2087;191;190;257;1;0;0;26756;0;0;0;2256
2088;190;190;257;-2;4;0;26759;0;0;0;2256
2089;191;190;257;-8;4;0;26762;0;0;0;2256
2090;191;191;257;4;2;0;26766;0;0;0;2256
2091;191;190;257;10;-5;0;26769;0;0;0;2256
2092;190;190;257;-5;-3;0;26772;0;0;0;2256
2093;191;190;257;10;4;0;26775;0;0;0;2256
2094;191;190;257;3;-9;0;26778;0;0;0;2256
2095;190;189;257;-1;-6;0;26782;0;0;0;2256
2096;190;190;257;11;-3;0;26786;0;0;0;2256
2097;191;190;257;6;-6;0;26789;0;0;0;2256
2098;191;190;257;3;7;0;26791;0;0;0;2256
2099;190;191;257;-2;-12;0;26794;0;0;0;2256
2100;191;190;257;3;2;0;26798;0;0;0;2256
2101;192;189;257;-6;2;0;26801;0;0;0;2256
2102;192;190;257;0;-2;0;26804;0;0;0;2256
2103;191;191;257;0;2;0;26807;0;0;0;2256
2104;191;189;257;0;-3;0;26811;0;0;0;2256
2105;191;190;257;-5;1;0;26814;0;0;0;2256
2106;191;190;257;10;-4;0;26817;0;0;0;2256
2107;190;190;257;-2;0;0;26820;0;0;0;2256
2108;191;189;257;3;0;0;26823;0;0;0;2256
2109;191;189;257;2;-10;0;26826;0;0;0;2256
2110;191;190;257;2;-10;0;26830;0;0;0;2256
2111;191;190;257;3;6;0;26833;0;0;0;2256
2112;191;190;257;3;-3;0;26836;0;0;0;2256
2113;191;190;257;-5;1;0;26839;0;0;0;2256
2114;190;190;257;3;-1;0;26842;0;0;0;2256
2115;191;190;257;3;0;0;26846;0;0;0;2256
2116;191;189;257;2;-3;0;26850;0;0;0;2256
2117;191;190;257;-5;5;0;26852;0;0;0;2256
2118;191;190;257;-4;-1;0;26855;0;0;0;2256
2119;191;190;257;3;2;0;26858;0;0;0;2256
2120;190;190;257;4;-1;0;26862;0;0;0;2256
2121;191;190;257;-4;-4;0;26865;0;0;0;2256
2122;192;190;257;-3;-3;0;26868;0;0;0;2256
2123;190;189;257;2;-3;0;26871;0;0;0;2256
2124;191;189;257;4;3;0;26874;0;0;0;2256
2125;191;190;257;-3;2;0;26878;0;0;0;2256
2126;192;190;257;-4;4;0;26881;0;0;0;2256
2127;191;191;257;-4;0;0;26884;0;0;0;2256
2128;191;190;257;-9;5;0;26887;0;0;0;2256
2129;190;190;257;7;-11;0;26891;0;0;0;2256
2130;191;190;257;0;2;0;26894;0;0;0;2256
2131;190;190;257;1;4;0;26897;0;0;0;2256
2132;191;190;257;2;-2;0;26900;0;0;0;2256
2133;191;189;257;3;4;0;26903;0;0;0;2256
2134;191;190;257;3;4;0;26906;0;0;0;2256
2135;191;190;257;4;-6;0;26911;0;0;0;2256
2136;191;189;257;5;0;0;26913;0;0;0;2256
2137;191;189;257;2;-9;0;26916;0;0;0;2256
2138;191;190;257;-2;-1;0;26919;0;0;0;2256
2139;191;189;257;-10;5;0;26922;0;0;0;2256
2140;191;190;257;0;-12;0;26926;0;0;0;2256
2141;192;190;257;-2;-2;0;26929;0;0;0;2256
2142;191;190;257;4;-5;0;26932;0;0;0;2256
2143;190;190;257;2;3;0;26935;0;0;0;2256
2144;191;190;257;8;-6;0;26938;0;0;0;2256
2145;191;189;257;1;1;0;26942;0;0;0;2256
2146;191;191;257;1;-7;0;26945;0;0;0;2256
2147;191;189;257;7;3;0;26948;0;0;0;2256
2148;190;189;257;3;-4;0;26952;0;0;0;2256
2149;190;190;257;4;-6;0;26954;0;0;0;2256
2150;190;190;257;1;7;0;26958;0;0;0;2256
2151;191;190;257;-5;4;0;26961;0;0;0;2256
2152;191;191;257;-4;-1;0;26964;0;0;0;2256
2153;190;189;257;-2;2;0;26967;0;0;0;2256
2154;191;191;257;4;3;0;26971;0;0;0;2256
2155;190;190;257;-1;1;0;26974;0;0;0;2256
2156;191;190;257;-1;-8;0;26977;0;0;0;2256
2157;191;190;257;1;6;0;26980;0;0;0;2256
2158;189;190;257;-7;-2;0;26983;0;0;0;2256
2159;190;190;257;1;-1;0;26986;0;0;0;2256
2160;190;190;257;4;-1;0;26990;0;0;0;2256
2161;191;190;257;-1;-5;0;26993;0;0;0;2256
2162;191;190;257;1;3;0;26996;0;0;0;2256
2163;191;190;257;1;-3;0;26999;0;0;0;2256
2164;191;190;257;1;3;0;27003;0;0;0;2256
2165;191;191;257;-5;1;0;27006;0;0;0;2256
2166;191;190;257;-1;-2;0;27009;0;0;0;2256
2167;191;190;257;-5;3;0;27013;0;0;0;2256
2168;190;190;257;5;-11;0;27015;0;0;0;2256
2169;190;189;257;0;-4;0;27018;0;0;0;2256
2170;191;190;257;9;1;0;27022;0;0;0;2256
2171;190;190;257;7;-2;0;27025;0;0;0;2256
2172;190;190;257;3;-3;0;27028;0;0;0;2256
2173;191;190;257;1;6;0;27032;0;0;0;2256
2174;192;190;257;10;-2;0;27034;0;0;0;2256
2175;190;189;257;1;-1;0;27038;0;0;0;2256
2176;191;189;257;-2;-1;0;27041;0;0;0;2256
2177;191;190;257;12;6;0;27093;0;0;0;2256
2178;191;190;257;-1;-9;0;27095;0;0;0;2256
2179;191;189;257;5;9;0;27098;0;0;0;2256
2180;191;189;257;-3;-7;0;27102;0;0;0;2256
2181;191;190;257;-7;7;0;27105;0;0;0;2256
2182;191;191;257;-3;-10;0;27108;0;0;0;2256
2183;191;190;257;1;-7;0;27111;0;0;0;2256
2184;191;190;257;-7;-2;0;27114;0;0;0;2256
2185;191;190;257;-5;1;0;27118;0;0;0;2256
2186;190;190;257;2;5;0;27121;0;0;0;2256
2187;190;190;257;8;-6;0;27124;0;0;0;2256
2188;191;189;257;-7;6;0;27127;0;0;0;2256
2189;192;190;257;-9;2;0;27130;0;0;0;2256
2190;190;189;257;-3;-13;0;27134;0;0;0;2256
2191;191;190;257;5;2;0;27137;0;0;0;2256
2192;190;189;257;-6;-6;0;27140;0;0;0;2256
2193;190;191;257;8;-8;0;27143;0;0;0;2256
2194;191;190;257;-9;5;0;27146;0;0;0;2256
2195;190;190;257;-3;-2;0;27151;0;0;0;2256
2196;191;190;257;4;6;0;27154;0;0;0;2256
2197;190;190;257;-2;-4;0;27156;0;0;0;2256
2198;191;190;257;-5;-1;0;27159;0;0;0;2256
2199;191;190;257;-4;-4;0;27162;0;0;0;2256
2200;191;190;257;4;-2;0;27166;0;0;0;2256
2201;190;190;257;8;-7;0;27169;0;0;0;2256
2202;191;190;257;0;2;0;27172;0;0;0;2256
2203;190;190;257;4;8;0;27175;0;0;0;2256
2204;191;190;257;3;9;0;27178;0;0;0;2256
2205;191;189;257;11;-7;0;27182;0;0;0;2256
2206;190;190;257;5;-5;0;27185;0;0;0;2256
2207;191;190;257;2;3;0;27188;0;0;0;2256
2208;190;190;257;-6;-5;0;27191;0;0;0;2256
2209;191;190;257;0;-3;0;27195;0;0;0;2256
2210;190;190;257;0;5;0;27198;0;0;0;2256
2211;190;190;257;7;5;0;27201;0;0;0;2256
2212;190;190;257;5;-8;0;27204;0;0;0;2256
2213;191;190;257;3;4;0;27207;0;0;0;2256
2214;191;190;257;0;1;0;27211;0;0;0;2256
2215;192;190;257;-2;2;0;27215;0;0;0;2256
2216;190;190;257;-8;7;0;27217;0;0;0;2256
2217;190;190;257;11;0;0;27220;0;0;0;2256
2218;191;189;257;1;-1;0;27223;0;0;0;2256
2219;189;190;257;2;14;0;27226;0;0;0;2256
2220;192;189;257;6;2;0;27230;0;0;0;2256
2221;190;190;257;5;-3;0;27233;0;0;0;2256
2222;190;189;257;4;-7;0;27236;0;0;0;2256
2223;191;190;257;-7;3;0;27239;0;0;0;2256
2224;190;190;257;5;-2;0;27242;0;0;0;2256
2225;191;189;257;-3;-3;0;27246;0;0;0;2256
2226;191;190;257;-4;-12;0;27249;0;0;0;2256
2227;191;190;257;1;-5;0;27252;0;0;0;2256
